0,66
0.019328,54
0.372171,55
0.385167,66
0.428736,54
0.428834,54
0.433353,54
0.433399,54
0.477152,55
0.52632,66
0.673226,55
0.701928,66
0.736723,62
0.742173,55
0.753786,66
0.770159,55
0.773165,55
0.773306,55
0.7802,55
0.781574,66
0.78533,66
0.785913,66
0.787158,55
0.787251,55
0.793839,66
0.797998,66
0.798631,66
0.810188,55
0.821591,66
0.95425,72
0.954479,130
1.013229,55
1.030253,55
1.045919,66
1.050214,55
1.051856,66
1.053183,55
1.061397,66
1.065088,66
1.104186,55
1.115472,66
1.123208,55
1.130207,55
1.135691,66
1.13717,55
1.137303,55
1.144181,55
1.151989,66
1.152579,66
1.153135,66
1.157041,66
1.177208,55
1.177915,62
1.183456,62
1.183571,62
1.190264,66
1.38624,85
1.386329,54
1.387117,85
1.387177,54
1.388116,54
1.388153,54
1.389115,54
1.389147,54
1.483233,55
1.49688,66
1.573211,55
1.586544,66
1.876263,55
1.877215,55
1.924153,66
1.925117,66
1.966227,55
1.988408,66
1.990276,55
2.016203,55
2.017112,66
2.065742,66
2.670463,215
2.835752,146
2.996101,1314
2.996157,54
2.996649,1314
2.996671,54
2.997452,1314
2.997477,54
2.99804,1314
2.998065,54
2.999775,1314
2.999776,1314
2.999806,54
3.000593,1314
3.000619,54
3.001331,1314
3.001332,1314
3.001334,1314
3.001335,1314
3.001364,54
3.00191,1314
3.001935,54
3.002608,1314
3.002609,1314
3.00261,1314
3.002637,54
3.003238,1314
3.003239,1314
3.003264,54
3.003992,1314
3.004018,54
3.004648,1314
3.004649,1314
3.004675,54
3.005326,1314
3.005327,1314
3.005328,1314
3.005355,54
3.005914,1314
3.005939,54
3.006614,1314
3.006615,1314
3.006616,1314
3.006643,54
3.007184,1314
3.007208,54
3.007877,1314
3.007878,1314
3.007879,1314
3.007907,54
3.008476,1314
3.0085,54
3.009188,1314
3.009189,1314
3.00919,1314
3.009218,54
3.009806,1314
3.009807,1314
3.009833,54
3.010534,1314
3.010559,54
3.01114,1314
3.011166,54
3.011788,1314
3.011789,1314
3.011814,54
3.012431,1314
3.012432,1314
3.012456,54
3.013033,1314
3.013057,54
3.013732,1314
3.013733,1314
3.013734,1314
3.013761,54
3.014305,1314
3.014329,54
3.014908,1314
3.014933,54
3.015511,1314
3.015535,54
3.016115,1314
3.016138,54
3.01692,1314
3.01692,1314
3.016947,54
3.017385,1314
3.017409,54
3.017989,1314
3.018013,54
3.018615,1314
3.018639,54
3.019661,1314
3.019703,54
3.020023,1314
3.020048,54
3.021189,1314
3.021191,1314
3.021228,54
3.03231,325
3.08082,1314
3.080875,54
3.081417,1314
3.081439,54
3.082182,1314
3.082211,54
3.084678,1314
3.084704,54
3.085294,1314
3.085318,54
3.085992,1314
3.086017,54
3.086607,1314
3.086632,54
3.088791,1314
3.08884,54
3.089389,1314
3.089416,54
3.089996,1314
3.090021,54
3.090603,1314
3.090629,54
3.091251,1314
3.091275,54
3.092581,1314
3.092605,54
3.093386,1314
3.09341,54
3.093989,1314
3.094015,54
3.09465,1314
3.094651,1314
3.094678,54
3.09738,1314
3.097406,54
3.097978,1314
3.098004,54
3.098741,1314
3.098765,54
3.10127,1314
3.101297,54
3.101867,1314
3.101893,54
3.102757,1314
3.102782,54
3.105193,1314
3.105195,1314
3.105272,54
3.106165,1314
3.1062,54
3.106444,1314
3.106465,54
3.107002,1314
3.107025,54
3.108634,1314
3.108663,54
3.109674,1314
3.109703,54
3.110119,1314
3.110145,54
3.110729,1314
3.110753,54
3.112458,1314
3.112481,54
3.113207,1314
3.113232,54
3.113988,1314
3.11401,54
3.114701,1314
3.114702,1314
3.114732,54
3.116667,1314
3.116693,54
3.117254,1314
3.117277,54
3.120606,1314
3.120631,54
3.121233,1314
3.121258,54
3.122007,1314
3.122032,54
3.122619,1314
3.122646,54
3.124643,1314
3.124669,54
3.125833,1314
3.125857,54
3.126625,1314
3.126649,54
3.127246,1314
3.12727,54
3.129592,1314
3.129616,54
3.133268,1314
3.133292,54
3.133868,1314
3.133887,54
3.134484,1314
3.134508,54
3.138195,1314
3.138251,54
3.139194,1314
3.139195,1314
3.139237,54
3.141574,1314
3.141612,54
3.142143,1314
3.142165,54
3.142991,1314
3.143022,54
3.14354,1314
3.143568,54
3.145559,1314
3.145585,54
3.146391,1314
3.146425,54
3.161038,1314
3.161081,54
3.161609,1314
3.161635,54
3.164599,1314
3.164627,54
3.165355,1314
3.165381,54
3.166216,1314
3.166241,54
3.16684,1314
3.166867,54
3.168889,1314
3.168913,54
3.16967,1314
3.169697,54
3.170266,1314
3.170291,54
3.173466,1314
3.173502,54
3.174073,1314
3.17411,54
3.1749,1314
3.174937,54
3.175516,1314
3.175552,54
3.180743,1314
3.180779,54
3.181418,1314
3.181443,54
3.182656,1314
3.182683,54
3.18385,1314
3.183876,54
3.184475,1314
3.184502,54
3.186834,1314
3.18687,54
3.187292,1314
3.187315,54
3.192615,1314
3.192666,54
3.193161,1314
3.193187,54
3.19393,1314
3.193955,54
3.196427,1314
3.196453,54
3.197267,1314
3.197293,54
3.198088,1314
3.198113,54
3.199048,1314
3.199075,54
3.200743,1314
3.200769,54
3.201704,1314
3.201729,54
3.204548,1314
3.204574,54
3.208552,1314
3.208584,54
3.209197,1314
3.209218,54
3.212652,1314
3.212678,54
3.213241,1314
3.21326,54
3.216557,1314
3.216582,54
3.217762,1314
3.217786,54
3.218414,1314
3.218415,1314
3.218441,54
3.219009,1314
3.219036,54
3.219624,1314
3.219651,54
3.22122,1314
3.221222,1314
3.22127,54
3.224843,1314
3.224885,54
3.228735,1314
3.228762,54
3.229877,1314
3.229907,54
3.232648,1314
3.232673,54
3.233677,1314
3.233701,54
3.234276,1314
3.234301,54
3.236434,1314
3.23646,54
3.237029,1314
3.237055,54
3.240641,1314
3.240673,54
3.24118,1314
3.241209,54
3.244664,1314
3.244689,54
3.24526,1314
3.24528,54
3.246038,1314
3.246062,54
3.248553,1314
3.248584,54
3.252931,1314
3.252957,54
3.253557,1314
3.253579,54
3.257609,1314
3.257633,54
3.258228,1314
3.258248,54
3.26213,1314
3.262158,54
3.262725,1314
3.262749,54
3.263337,1314
3.263363,54
3.265906,1314
3.26593,54
3.266717,1314
3.266742,54
3.271202,1314
3.271259,54
3.272658,1314
3.272694,54
3.274616,1314
3.274646,54
3.275233,1314
3.275258,54
3.278738,1314
3.278765,54
3.27935,1314
3.279374,54
3.285053,1314
3.285079,54
3.285658,1314
3.285683,54
3.286279,1314
3.286303,54
3.286995,1314
3.287021,54
3.2876,1314
3.287625,54
3.288348,1314
3.288372,54
3.290701,1314
3.290733,54
3.294313,495
3.294338,54
3.389204,1314
3.389248,54
3.389629,1314
3.389651,54
3.390202,1314
3.390223,54
3.391203,1314
3.391223,54
3.392203,1314
3.392223,54
3.393203,1314
3.393204,1314
3.393224,54
3.394203,1314
3.394204,1314
3.394204,1314
3.394205,1314
3.394222,54
3.395202,1314
3.395203,1314
3.39522,54
3.396203,1314
3.396204,1314
3.396204,1314
3.396205,1314
3.396222,54
3.397202,1314
3.397218,54
3.398203,1314
3.398203,1314
3.398204,1314
3.398205,1314
3.398222,54
3.399203,1314
3.399219,54
3.400203,1314
3.400203,1314
3.40022,54
3.401203,1314
3.401203,1314
3.401204,1314
3.40122,54
3.403204,1314
3.403204,1314
3.403205,1314
3.403223,54
3.404204,1314
3.404205,1314
3.404205,1314
3.404206,1314
3.404207,1314
3.404207,1314
3.404225,54
3.404937,1314
3.404938,1314
3.404938,1314
3.404939,1314
3.404955,54
3.405553,1314
3.405554,1314
3.405567,54
3.406241,1314
3.406242,1314
3.406242,1314
3.406262,54
3.407203,1314
3.40722,54
3.408203,1314
3.408204,1314
3.408205,1314
3.408222,54
3.409203,1314
3.409217,54
3.409587,1314
3.409602,54
3.40996,1314
3.409979,54
3.410573,1314
3.410587,54
3.411176,1314
3.411189,54
3.411837,1314
3.411851,54
3.412586,1314
3.412599,54
3.413196,1314
3.41321,54
3.413822,1314
3.413835,54
3.414485,1314
3.414486,1314
3.4145,54
3.415102,1314
3.415115,54
3.415711,1314
3.415722,54
3.46921,1314
3.469259,54
3.469837,1314
3.469864,54
3.470692,1314
3.470722,54
3.47103,1314
3.471048,54
3.472642,1314
3.472661,54
3.47674,1314
3.476754,54
3.477345,1314
3.477357,54
3.478018,1314
3.478038,54
3.478556,1314
3.478569,54
3.479214,1314
3.479241,54
3.47987,1314
3.479871,1314
3.479905,54
3.480467,1314
3.480491,54
3.481075,1314
3.4811,54
3.481701,1314
3.481725,54
3.482325,1314
3.482348,54
3.48295,1314
3.482973,54
3.483577,1314
3.483601,54
3.484683,1314
3.484708,54
3.488821,1314
3.488842,54
3.489585,1314
3.489605,54
3.490362,1314
3.490362,1314
3.490363,1314
3.490363,1314
3.490379,54
3.490936,1314
3.490961,54
3.491576,1314
3.491577,1314
3.49161,54
3.492651,1314
3.492675,54
3.493441,1314
3.493464,54
3.494218,1314
3.494241,54
3.494864,1314
3.494865,1314
3.49489,54
3.495549,1314
3.495551,1314
3.495552,1314
3.49558,54
3.496315,1314
3.496327,54
3.497082,1314
3.497107,54
3.49786,1314
3.497884,54
3.498439,1314
3.49845,54
3.499078,1314
3.499101,54
3.500704,1314
3.500729,54
3.501486,1314
3.501509,54
3.502536,1314
3.502548,54
3.503174,1314
3.503176,1314
3.503202,54
3.50378,1314
3.503805,54
3.50486,1314
3.504883,54
3.505606,1314
3.505617,54
3.506369,1314
3.506393,54
3.506971,1314
3.506996,54
3.508736,1314
3.50875,54
3.509489,1314
3.509514,54
3.512733,1314
3.512754,54
3.513338,1314
3.513359,54
3.516708,1314
3.516729,54
3.517539,1314
3.517559,54
3.521211,1314
3.521257,54
3.522209,1314
3.522228,54
3.524748,1314
3.524771,54
3.525557,1314
3.525573,54
3.526159,1314
3.526174,54
3.528892,1314
3.528911,54
3.550067,1314
3.550098,54
3.550637,1314
3.550651,54
3.551348,1314
3.551363,54
3.555943,1314
3.555988,54
3.556505,1314
3.556521,54
3.557103,1314
3.557119,54
3.558179,1314
3.558194,54
3.558806,1314
3.558823,54
3.559452,1314
3.559453,1314
3.559471,54
3.560861,1314
3.560885,54
3.561466,1314
3.56149,54
3.562241,1314
3.562265,54
3.562858,1314
3.562882,54
3.563547,1314
3.563547,1314
3.563548,1314
3.563566,54
3.564216,1314
3.56424,54
3.564824,1314
3.564848,54
3.565449,1314
3.565476,54
3.568945,1314
3.568963,54
3.569467,1314
3.569482,54
3.57023,1314
3.570246,54
3.570824,1314
3.570848,54
3.571496,1314
3.571496,1314
3.571513,54
3.572442,1314
3.572456,54
3.57306,1314
3.573076,54
3.574282,1314
3.574299,54
3.576827,1314
3.576844,54
3.577316,1314
3.577331,54
3.580511,1314
3.580537,54
3.581318,1314
3.581333,54
3.582083,1314
3.582108,54
3.585203,1314
3.58523,54
3.585876,1314
3.585903,54
3.586477,1314
3.586501,54
3.587127,1314
3.58715,54
3.590452,1314
3.590475,54
3.591026,1314
3.591049,54
3.592707,1314
3.592724,54
3.59654,1314
3.596558,54
3.597736,1314
3.597761,54
3.598342,1314
3.598368,54
3.600705,1314
3.600731,54
3.601503,1314
3.60153,54
3.602621,1314
3.602658,54
3.605215,1314
3.605265,54
3.605472,1314
3.605493,54
3.608673,1314
3.608705,54
3.609508,1314
3.609536,54
3.612506,1314
3.612532,54
3.613335,1314
3.613361,54
3.616959,1314
3.616985,54
3.620499,1314
3.620527,54
3.621098,1314
3.62112,54
3.624886,1314
3.624915,54
3.625485,1314
3.625508,54
3.6261,1314
3.626124,54
3.628755,1314
3.628773,54
3.629636,1314
3.629651,54
3.634826,1314
3.634849,54
3.635538,758
3.635558,54
3.655405,1314
3.655446,54
3.655947,1314
3.655961,54
3.656655,1314
3.656675,54
3.6573,1314
3.657324,54
3.657972,1314
3.657973,1314
3.657973,1314
3.657993,54
3.658597,1314
3.658597,1314
3.658613,54
3.659219,1314
3.659221,1314
3.659237,54
3.659865,1314
3.659865,1314
3.659884,54
3.66047,1314
3.660494,54
3.661078,1314
3.661101,54
3.662715,1314
3.662732,54
3.663483,1314
3.663509,54
3.664262,1314
3.664286,54
3.664856,1314
3.664883,54
3.667361,1314
3.667386,54
3.667962,1314
3.667988,54
3.671182,1314
3.671204,54
3.67617,1314
3.676191,54
3.677003,1314
3.677023,54
3.677813,1314
3.677834,54
3.681087,1314
3.681105,54
3.681678,1314
3.681692,54
3.682465,1314
3.682479,54
3.683242,1314
3.683256,54
3.685623,1314
3.685646,54
3.686462,1314
3.686478,54
3.692742,1314
3.692781,54
3.69333,1314
3.693345,54
3.6954,1314
3.695417,54
3.695986,1314
3.696005,54
3.699217,1314
3.699236,54
3.700001,1314
3.700017,54
3.703275,1314
3.703291,54
3.704085,1314
3.704101,54
3.70749,1314
3.707511,54
3.708043,1314
3.708061,54
3.709126,1314
3.709143,54
3.711075,1314
3.711094,54
3.711857,1314
3.711874,54
3.714672,1314
3.714688,54
3.715274,1314
3.7153,54
3.722222,1314
3.722223,1314
3.72227,54
3.72754,1314
3.727571,54
3.72809,1314
3.728108,54
3.728949,1314
3.728969,54
3.72947,1314
3.729487,54
3.731521,1314
3.731538,54
3.732333,1314
3.732349,54
3.735544,1314
3.735561,54
3.73622,1314
3.736236,54
3.741066,1314
3.741094,54
3.741664,1314
3.741682,54
3.742396,1314
3.742414,54
3.743005,1314
3.743023,54
3.744728,1314
3.744746,54
3.745552,1314
3.745569,54
3.748612,1314
3.748631,54
3.752669,1314
3.752686,54
3.753478,1314
3.753495,54
3.761018,1314
3.761039,54
3.761614,1314
3.761631,54
3.762386,1314
3.762403,54
3.762984,1314
3.763001,54
3.765509,1314
3.765526,54
3.76629,1314
3.766307,54
3.767066,1314
3.767083,54
3.76772,1314
3.76772,1314
3.767739,54
3.770223,1314
3.770279,54
3.770893,1314
3.770917,54
3.771175,1314
3.771192,54
3.771749,1314
3.771775,54
3.773186,1314
3.773213,54
3.777668,1314
3.777694,54
3.778243,1314
3.77826,54
3.781553,1314
3.781574,54
3.782378,1314
3.782398,54
3.785722,1314
3.78574,54
3.786341,1314
3.786362,54
3.788911,1314
3.788931,54
3.789698,1314
3.789718,54
3.791223,1314
3.791224,1314
3.791246,54
3.796221,1314
3.796242,54
3.797222,1314
3.797223,1314
3.797243,54
3.801222,1314
3.801242,54
3.802226,1314
3.802243,54
3.805223,1314
3.805263,54
3.806222,1314
3.806242,54
3.812223,1314
3.812241,54
3.813221,1314
3.813232,54
3.814221,1314
3.814222,1314
3.814242,54
3.816666,1314
3.81669,54
3.817277,1314
3.817295,54
3.820669,1314
3.820703,54
3.821228,1314
3.821244,54
3.822057,1314
3.822071,54
3.824835,1314
3.824856,54
3.830124,1314
3.830148,54
3.830897,1314
3.830912,54
3.833833,1314
3.833847,54
3.887229,1314
3.887269,54
3.887949,1314
3.887973,54
3.888227,1314
3.888227,1314
3.888227,1314
3.888228,1314
3.888247,54
3.889163,1314
3.889163,1314
3.889164,1314
3.889164,1314
3.889181,54
3.889557,1314
3.889557,1314
3.889557,1314
3.889558,1314
3.889558,1314
3.889585,54
3.890103,1314
3.890115,54
3.892605,1314
3.892631,54
3.897483,1314
3.897496,54
3.900891,1314
3.900918,54
3.901968,1314
3.901993,54
3.90467,1314
3.904694,54
3.908931,1314
3.908961,54
3.941009,1314
3.941064,54
3.941229,1314
3.94125,54
3.944665,1314
3.944692,54
3.948619,1314
3.948658,54
3.952921,1314
3.952966,54
3.956664,1314
3.956693,54
3.957252,1314
3.957278,54
3.961096,1314
3.961116,54
3.961698,1314
3.961724,54
3.964646,1314
3.96467,54
3.968908,1314
3.968932,54
3.973471,1314
3.973513,54
3.976727,1314
3.976747,54
3.980989,1314
3.981008,54
3.984702,1314
3.984719,54
3.989047,1314
3.989066,54
3.989604,1314
3.98962,54
3.992727,1314
3.992747,54
3.996703,1314
3.996719,54
4.002237,1314
4.002254,54
4.004794,1314
4.00481,54
4.008957,1314
4.008975,54
4.012709,1314
4.012726,54
4.0133,1314
4.013325,54
4.016718,1314
4.016734,54
4.017328,1314
4.017352,54
4.018034,1314
4.01806,54
4.01864,1314
4.018665,54
4.021236,1314
4.021291,54
4.024896,1314
4.024951,54
4.028652,1314
4.028679,54
4.036023,1314
4.036055,54
4.036624,1314
4.03665,54
4.041555,1314
4.041587,54
4.046234,1314
4.046263,54
4.046841,1314
4.046865,54
4.052285,1314
4.052308,54
4.052869,1314
4.052892,54
4.058575,1314
4.058617,54
4.063633,1314
4.063656,54
4.064229,1314
4.064252,54
4.068523,1314
4.068543,54
4.06974,1314
4.06976,54
4.072729,1314
4.072749,54
4.076645,1314
4.076668,54
4.08065,1314
4.080672,54
4.084699,1314
4.084716,54
4.089234,1314
4.089251,54
4.090025,1314
4.090043,54
4.090622,1314
4.090639,54
4.091226,1314
4.091244,54
4.092475,1314
4.092491,54
4.09325,1314
4.093267,54
4.093913,1314
4.093929,54
4.094522,1314
4.094539,54
4.097103,1314
4.097121,54
4.097868,1115
4.097885,54
4.13824,1314
4.138299,54
4.1392,1314
4.139202,1314
4.139203,1314
4.139242,54
4.139673,1314
4.139697,54
4.140495,1314
4.14052,54
4.141147,1314
4.141149,1314
4.141177,54
4.141793,1314
4.141794,1314
4.141824,54
4.142439,1314
4.142441,1314
4.14247,54
4.143083,1314
4.143084,1314
4.143109,54
4.143732,1314
4.143733,1314
4.143759,54
4.144686,1314
4.14471,54
4.149112,1314
4.14914,54
4.155698,1314
4.155726,54
4.15639,1314
4.156439,54
4.161281,1314
4.161315,54
4.164756,1314
4.164782,54
4.165399,1314
4.165424,54
4.168478,1314
4.168505,54
4.173541,1314
4.173578,54
4.177241,1314
4.17727,54
4.180729,1314
4.180758,54
4.184911,1314
4.184939,54
4.188947,1314
4.189001,54
4.192738,1314
4.192775,54
4.193324,1314
4.193351,54
4.197045,1314
4.197073,54
4.201516,1314
4.201543,54
4.206652,1314
4.206681,54
4.213464,1314
4.213495,54
4.218216,1314
4.218245,54
4.220839,1314
4.22089,54
4.221386,1314
4.221413,54
4.224041,1314
4.224076,54
4.226979,1314
4.227009,54
4.228195,1314
4.228221,54
4.234791,1314
4.234819,54
4.238944,1314
4.238974,54
4.240726,1314
4.240756,54
4.241331,1314
4.241356,54
4.244721,1314
4.244748,54
4.249243,1314
4.249271,54
4.254044,1314
4.254069,54
4.256876,1314
4.256902,54
4.260965,1314
4.260993,54
4.264729,1314
4.264753,54
4.268818,1314
4.268845,54
4.270245,1314
4.270295,54
4.275954,1314
4.276011,54
4.28078,1314
4.280809,54
4.281367,1314
4.281393,54
4.284983,1314
4.28501,54
4.288964,1314
4.288992,54
4.292744,1314
4.292778,54
4.296778,1314
4.296804,54
4.297359,1314
4.297384,54
4.30075,1314
4.300777,54
4.308922,1314
4.308961,54
4.310248,1314
4.31025,1314
4.310277,54
4.313139,1314
4.313169,54
4.313722,1314
4.313744,54
4.316961,1314
4.317008,54
4.320774,1314
4.320812,54
4.321348,1314
4.321373,54
4.322578,1314
4.322606,54
4.323204,1314
4.323254,54
4.324987,1314
4.325012,54
4.325579,1314
4.325608,54
4.328713,1314
4.328739,54
4.329607,1314
4.329633,54
4.330116,1314
4.33014,54
4.330725,1314
4.330748,54
4.333131,1314
4.333154,54
4.333735,1314
4.333761,54
4.336744,1314
4.336767,54
4.337568,1314
4.337593,54
4.33818,1314
4.338205,54
4.339248,1314
4.339271,54
4.343101,1314
4.343126,54
4.343908,1314
4.343933,54
4.346939,1314
4.346965,54
4.347529,1314
4.347553,54
4.3484,1314
4.348425,54
4.350742,1314
4.350767,54
4.355041,1314
4.355095,54
4.35545,1314
4.355472,54
4.358862,1314
4.358894,54
4.362746,1314
4.362779,54
4.363557,1314
4.363584,54
4.367007,1314
4.367044,54
4.367867,1314
4.367904,54
4.370896,1314
4.370925,54
4.374844,1314
4.374873,54
4.375457,1314
4.37548,54
4.37866,1314
4.378686,54
4.382756,1314
4.382785,54
4.383602,1314
4.383627,54
4.384188,1314
4.384212,54
4.387253,1314
4.387304,54
4.390782,1314
4.390832,54
4.391404,1314
4.391427,54
4.395773,1314
4.395801,54
4.396385,1314
4.396406,54
4.399449,1314
4.399477,54
4.403622,1314
4.403647,54
4.41072,1314
4.410752,54
4.411336,1314
4.411361,54
4.411958,1314
4.411982,54
4.412577,1314
4.412603,54
4.4132,1314
4.413225,54
4.416155,1314
4.416179,54
4.416798,1314
4.416799,99
4.416799,85
4.416855,54
4.416939,54
4.41711,54
4.417362,54
4.417383,54
4.419932,1314
4.419966,54
4.424252,1314
4.42429,54
4.424698,1314
4.424721,54
4.428985,1314
4.429024,54
4.431498,1314
4.431528,54
4.433334,1314
4.433361,54
4.434197,1314
4.434223,54
4.43481,1314
4.434836,54
4.437381,1314
4.437424,54
4.441045,1314
4.441106,54
4.441268,1314
4.441289,54
4.445255,1314
4.445314,54
4.449254,1314
4.449309,54
4.450007,1314
4.450035,54
4.453256,1314
4.453315,54
4.45362,1314
4.453643,54
4.455255,1314
4.455305,54
4.457102,1314
4.457154,54
4.461256,1314
4.461311,54
4.462254,1314
4.462291,54
4.465254,1314
4.465307,54
4.466253,1314
4.466282,54
4.468985,1314
4.469029,54
4.469582,1314
4.469611,54
4.473255,54
4.473256,1314
4.473287,54
4.473385,54
4.477255,1314
4.477296,54
4.477618,1314
4.477633,54
4.481255,1314
4.481294,54
4.485254,1314
4.485301,54
4.485565,1314
4.485576,54
4.490002,1314
4.490068,54
4.493253,1314
4.493254,1314
4.493296,54
4.494252,1314
4.494272,54
4.497024,1314
4.497062,54
4.500795,1314
4.500832,54
4.502253,1314
4.502273,54
4.505255,1314
4.505292,54
4.505465,1314
4.505476,54
4.511894,1314
4.511925,54
4.512239,75
4.51306,1314
4.513085,54
4.513731,1314
4.513745,54
4.516823,1314
4.516836,54
4.521217,1314
4.521257,54
4.521581,1314
4.521596,54
4.522194,1314
4.522207,54
4.524831,1314
4.524862,54
4.529059,1314
4.529076,54
4.529863,1314
4.529892,54
4.532712,1314
4.532725,54
4.536782,1314
4.536794,54
4.537576,1314
4.537601,54
4.541425,1314
4.541438,54
4.545014,1314
4.545039,54
4.545829,1314
4.545851,54
4.548855,1314
4.548868,54
4.549492,1314
4.549521,54
4.55296,1314
4.552992,54
4.553391,1314
4.55341,54
4.556841,1314
4.556872,54
4.561188,1314
4.561221,54
4.56176,1314
4.561785,54
4.565222,1314
4.565249,54
4.566606,1314
4.566632,54
4.569156,1314
4.569181,54
4.570051,1314
4.570077,54
4.575875,1314
4.575901,54
4.57669,1314
4.576713,54
4.577517,1314
4.577553,54
4.579987,131
4.580013,54
4.632724,134
4.633293,1314
4.633342,54
4.634472,1314
4.634496,54
4.635074,1314
4.635095,54
4.635783,1314
4.635784,1314
4.635785,1314
4.635811,54
4.636405,1314
4.636406,371
4.636432,54
4.645492,1314
4.645613,112
4.64601,66
4.716372,54
4.731588,1314
4.731699,112
4.736855,62
4.739726,54
4.740901,54
4.741531,54
4.742872,1392
4.745954,54
4.74665,54
4.747232,54
4.747472,1314
4.747547,112
4.747857,1314
4.747912,112
4.748217,1314
4.74827,47
4.752572,64
4.752608,54
4.756495,54
4.76254,66
4.778552,66
4.778651,54
4.779008,266
4.820453,75
4.851416,75
4.886204,75
4.917968,66
4.918065,54
4.922838,1314
4.922906,54
4.923465,54
4.923466,1314
4.923485,54
4.923578,54
4.924059,686
4.924105,54
4.932795,345
4.947395,107
4.947509,104
4.947562,96
4.971656,72
4.971843,130
4.980171,332
4.980209,54
4.980812,110
4.980828,54
4.981001,92
4.981395,96
4.981415,54
4.996976,54
4.997512,92
4.997535,54
5.083283,54
5.089282,332
5.089525,1392
5.090185,91
5.090294,1392
5.090738,1392
5.09074,162
5.091079,82
5.091395,1392
5.091749,82
5.092004,1392
5.092006,1392
5.092477,82
5.092787,1392
5.092787,1392
5.093169,82
5.093272,1392
5.093816,1313
5.094328,82
5.151423,54
5.151654,54
5.151754,54
5.151852,54
5.152328,54
5.164284,54
5.168282,54
5.169282,54
5.24194,54
5.248027,54
5.450442,103
5.736633,130
5.742449,215
5.995533,54
5.995724,54
6.014469,54
6.018244,54
6.17247,55
6.223933,66
6.361707,54
6.361815,54
6.710034,82
6.735528,80
6.792712,62
6.793106,62
6.852467,55
6.898973,66
6.957055,130
6.957186,62
6.957328,130
7.125106,62
7.125617,68
7.125744,62
7.236792,428
7.236935,130
7.289181,338
7.289293,62
7.289431,62
7.402144,62
7.402684,107
7.402838,120
7.457055,62
7.492342,85
7.518482,83
7.836107,146
7.990158,62
8.033615,325
8.185823,62
8.185925,62
8.526627,126
8.756655,1314
8.756692,54
8.757192,1314
8.757205,54
8.757983,1314
8.757998,54
8.758597,1314
8.758611,54
8.75936,1314
8.75936,1314
8.759361,1314
8.759361,1314
8.759377,54
8.760186,1314
8.760199,54
8.760828,1314
8.760829,1314
8.760846,54
8.761511,1314
8.761512,1314
8.761541,54
8.762149,1314
8.762151,1314
8.762183,54
8.76282,1314
8.762821,1314
8.762822,1314
8.762853,54
8.763411,1314
8.763436,54
8.764104,1314
8.764105,1314
8.764106,1314
8.764136,54
8.76473,1314
8.764731,1314
8.764758,54
8.765407,1314
8.765408,1314
8.765409,1314
8.765441,54
8.766008,1314
8.766032,54
8.7667,1314
8.766701,1314
8.766703,1314
8.76673,54
8.767283,1314
8.767306,54
8.768014,1314
8.768014,1314
8.768016,1314
8.768017,1314
8.768043,54
8.768634,1314
8.768648,54
8.769448,1314
8.769449,1314
8.769449,1314
8.769483,54
8.769992,1314
8.769993,1314
8.770014,54
8.770806,1314
8.770826,54
8.771262,1314
8.771275,54
8.771866,1314
8.771881,54
8.772506,1314
8.772533,54
8.773106,1314
8.773131,54
8.773729,1314
8.773754,54
8.774354,1314
8.774378,54
8.774975,1314
8.774999,54
8.775602,1314
8.775627,54
8.776224,1314
8.776248,54
8.776859,1314
8.77686,1314
8.776872,54
8.777531,1314
8.777545,54
8.778273,1314
8.778285,54
8.779008,1314
8.77902,54
8.779742,1314
8.779755,54
8.780509,1314
8.780534,54
8.781101,1314
8.781124,54
8.781725,1314
8.781749,54
8.782349,1314
8.782372,54
8.783014,1314
8.783015,1314
8.783043,54
8.783762,1314
8.783785,54
8.784533,1314
8.784555,54
8.785281,1314
8.785305,54
8.814446,215
8.853454,1314
8.853505,66
8.857455,1314
8.857497,66
8.861894,1314
8.861928,66
8.86556,1314
8.86558,66
8.866424,1314
8.866446,66
8.866999,1314
8.867019,66
8.867763,1314
8.867764,1314
8.867784,66
8.867847,66
8.869296,1314
8.869315,66
8.87336,1314
8.873382,66
8.874453,1314
8.874473,66
8.877761,1314
8.877785,66
8.878367,1314
8.878386,66
8.881501,1314
8.881521,66
8.882119,1314
8.882138,66
8.885321,1314
8.885341,66
8.886041,1314
8.88607,66
8.886863,1314
8.886893,66
8.889377,1314
8.889413,66
8.897456,1314
8.897457,1314
8.8975,66
8.897589,66
8.898454,1314
8.898476,66
8.899454,1314
8.899477,66
8.900454,1314
8.900479,66
8.901454,1314
8.901455,1314
8.901479,66
8.901551,66
8.902454,1314
8.902477,66
8.904454,1314
8.904477,66
8.908452,1314
8.908453,1314
8.908474,66
8.908521,66
8.909452,1314
8.909465,66
8.911376,1314
8.911397,66
8.915303,1314
8.915322,66
8.918662,1314
8.91868,66
8.919423,1314
8.919436,66
8.920026,1314
8.920038,66
8.920627,1314
8.920638,66
8.923107,1314
8.923119,66
8.923861,1314
8.923873,66
8.924608,1314
8.924619,66
8.925216,1314
8.925227,66
8.925842,1314
8.925854,66
8.928453,1314
8.928467,66
8.933453,1314
8.933467,66
8.937456,1314
8.937493,66
8.938453,78
8.941355,1314
8.94138,66
8.945309,1314
8.945327,66
8.949376,1314
8.949392,66
8.953348,1314
8.95336,66
8.953946,1314
8.953966,66
8.957287,1314
8.9573,66
8.961722,1314
8.961736,66
8.965364,1314
8.965377,66
8.965945,1314
8.96597,66
8.970325,1314
8.970354,66
8.975956,1314
8.975985,66
8.977113,1314
8.977127,66
8.977722,1314
8.977734,66
8.980356,1314
8.98037,66
8.984567,1314
8.984593,66
8.987372,1314
8.987393,66
8.991265,1314
8.991278,66
8.996274,1314
8.996286,66
8.997057,1314
8.997077,66
9.000054,1314
9.000074,66
9.000884,1314
9.000904,66
9.003512,1314
9.00353,66
9.004115,1314
9.004135,66
9.012753,1314
9.012778,66
9.019461,1314
9.019511,66
9.129356,684
9.129407,66
9.133781,1314
9.133808,66
9.13842,1314
9.138477,66
9.141085,684
9.141149,54
9.1454,1314
9.145432,54
9.149399,1314
9.149429,54
9.153384,1314
9.153412,54
9.15842,1314
9.158448,54
9.161897,1314
9.161923,54
9.166229,1314
9.166258,54
9.171402,1314
9.17143,54
9.176009,1314
9.17603,54
9.179349,1314
9.179378,54
9.179942,1314
9.179967,54
9.185379,1314
9.185403,54
9.189469,1314
9.189549,54
9.195622,1314
9.195657,54
9.199467,1314
9.1995,54
9.204909,1314
9.204937,54
9.210244,1314
9.210275,54
9.215673,1314
9.2157,54
9.21645,1314
9.216477,54
9.222366,1314
9.222419,54
9.224258,1314
9.224287,54
9.22875,1314
9.22879,54
9.23163,1314
9.231659,54
9.236721,1314
9.236749,54
9.239387,1314
9.239412,54
9.243319,1314
9.243342,54
9.247416,1314
9.247439,54
9.251811,1314
9.251837,54
9.256452,1314
9.256476,54
9.260025,1314
9.260049,54
9.263588,1314
9.263614,54
9.26718,1314
9.267203,54
9.271472,1314
9.271529,54
9.27548,1314
9.275522,54
9.279471,1314
9.27951,54
9.283378,1314
9.283404,54
9.292006,1314
9.29204,54
9.307471,1314
9.307508,54
9.313471,1314
9.313507,54
9.31847,1314
9.318496,54
9.32247,1314
9.322489,54
9.325471,1314
9.325472,1314
9.325507,54
9.32647,1314
9.326486,54
9.329755,1314
9.329787,54
9.333678,1314
9.333695,54
9.334365,990
9.334376,54
9.337451,1314
9.337482,54
9.341226,1314
9.341252,54
9.346826,1314
9.346848,54
9.350384,1314
9.35041,54
9.35455,1314
9.354592,54
9.358698,1314
9.358718,54
9.362046,1314
9.36207,54
9.365454,1314
9.365484,54
9.370014,1314
9.37004,54
9.370663,59
9.373406,1314
9.373436,54
9.377479,1314
9.377507,54
9.378289,1314
9.378318,54
9.381319,1314
9.38135,54
9.385473,1314
9.3855,54
9.390478,1314
9.390534,54
9.393432,1314
9.39346,54
9.397207,1314
9.397242,54
9.401426,1314
9.401455,54
9.40523,1314
9.405256,54
9.409867,1314
9.409898,54
9.415221,1314
9.415248,54
9.415817,1314
9.415842,54
9.419452,1314
9.419482,54
9.423634,1314
9.423659,54
9.427424,1314
9.42745,54
9.431387,1314
9.431416,54
9.436687,1314
9.436734,54
9.437285,1314
9.437312,54
9.441812,1314
9.441858,54
9.445451,1314
9.445481,54
9.449478,1314
9.449508,54
9.453651,1314
9.453678,54
9.45425,1314
9.454274,54
9.457784,1314
9.457809,54
9.461656,1314
9.461687,54
9.465481,1314
9.465506,54
9.470483,1314
9.47054,54
9.473703,1314
9.473743,54
9.477447,1314
9.47748,54
9.481458,1314
9.48149,54
9.485442,1314
9.485467,54
9.48942,1314
9.489444,54
9.490096,86
9.490139,54
9.587323,489
9.613606,80
9.737312,66
9.826803,54
9.904238,66
9.904336,54
9.904524,122
10.02613,54
10.737229,62
10.84614,72
10.846331,130
11.302635,55
11.351564,66
11.381203,54
11.381253,54
11.736984,130
11.737595,66
11.886593,215
12.097976,66
12.098048,54
12.107771,122
12.133323,84
12.13352,64
12.232763,84
12.232932,64
12.433178,92
12.455186,84
12.455489,64
12.55474,84
12.55491,64
12.737306,62
12.755089,92
12.773486,85
12.773573,54
12.77488,54
12.774907,54
12.836865,146
12.939763,72
12.939933,130
13.089493,347
13.18277,92
13.186709,122
13.216747,55
13.237073,130
13.267577,66
13.449779,55
13.48277,55
13.496219,66
13.504765,92
13.529625,66
13.542084,54
13.542147,54
13.542204,54
13.659746,55
13.73708,130
13.747212,66
13.772785,55
13.824503,66
13.932773,92
13.979136,62
13.979236,62
13.982805,55
14.030299,66
14.166808,55
14.168768,55
14.179531,54
14.190884,107
14.190971,54
14.191613,66
14.192463,54
14.192504,54
14.254785,92
14.346466,1314
14.346512,54
14.347029,1314
14.347046,54
14.347667,1314
14.347687,54
14.348294,1314
14.348313,54
14.3489,1314
14.348901,1314
14.348922,54
14.349514,1314
14.349531,54
14.350164,1314
14.350164,1314
14.350183,54
14.350804,1314
14.350805,1314
14.350822,54
14.351412,1314
14.351429,54
14.352702,1314
14.352703,1314
14.352703,1314
14.352705,1314
14.352744,54
14.353417,1314
14.353418,1314
14.353418,1314
14.353419,1314
14.353443,54
14.354006,1314
14.354027,54
14.354656,1314
14.354683,54
14.355286,1314
14.355312,54
14.356037,1314
14.356076,54
14.356561,1314
14.356561,1314
14.356583,54
14.357746,1314
14.357764,54
14.35834,1314
14.358362,54
14.359009,1314
14.359011,1314
14.35903,54
14.359586,1314
14.359605,54
14.360255,1314
14.360255,1314
14.360256,1314
14.360275,54
14.360858,1314
14.360875,54
14.361519,1314
14.361519,1314
14.36154,54
14.36271,1314
14.362727,54
14.419818,55
14.426909,1314
14.426951,54
14.431043,1314
14.43107,54
14.431885,1314
14.431908,54
14.434674,1314
14.434696,54
14.435504,1314
14.435529,54
14.436369,1314
14.436396,54
14.439558,1314
14.439559,1314
14.439611,54
14.440062,1314
14.440082,54
14.440704,1314
14.440733,54
14.44478,1314
14.444807,54
14.445437,1314
14.445438,1314
14.445464,54
14.446025,1314
14.44605,54
14.446642,1314
14.446666,54
14.447263,1314
14.447288,54
14.448465,1314
14.44849,54
14.449073,1314
14.44911,54
14.449678,1314
14.449706,54
14.450305,1314
14.45033,54
14.450871,1314
14.450894,54
14.451548,1314
14.45157,54
14.45275,1314
14.452773,54
14.456198,1314
14.456231,54
14.456817,1314
14.456852,54
14.460159,1314
14.460186,54
14.460787,1314
14.460808,54
14.461373,1314
14.461391,54
14.464265,1314
14.464286,54
14.465171,1314
14.46519,54
14.466503,1314
14.466503,66
14.466528,54
14.469706,1314
14.469748,54
14.470722,1314
14.470723,1314
14.470756,54
14.471304,1314
14.471305,1314
14.471327,54
14.475928,1314
14.475954,54
14.477033,1314
14.477051,54
14.477823,1314
14.477843,54
14.506212,1314
14.506252,54
14.510175,1314
14.510214,54
14.514125,1314
14.514151,54
14.515707,1314
14.51573,54
14.515837,55
14.518069,1314
14.518082,54
14.518705,1314
14.518718,54
14.522706,1314
14.522738,54
14.523705,1314
14.523721,54
14.524705,1314
14.524706,1314
14.524721,54
14.525705,1314
14.525719,54
14.526675,1314
14.52669,54
14.527064,1314
14.527077,54
14.527757,1314
14.52777,54
14.528379,1314
14.528392,54
14.529001,1314
14.529002,66
14.52902,54
14.530313,1314
14.530326,54
14.531066,1314
14.531078,54
14.537663,1314
14.537705,54
14.538224,1314
14.538236,54
14.542309,1314
14.542332,54
14.543124,1314
14.543147,54
14.54869,1314
14.548702,54
14.550266,1314
14.550289,54
14.550965,1314
14.550966,1314
14.550967,1314
14.550978,54
14.551587,1314
14.551588,1314
14.551618,54
14.554397,1314
14.554435,54
14.558726,1314
14.55874,54
14.559488,1314
14.559501,54
14.562465,1314
14.562478,54
14.563627,1314
14.563638,54
14.563693,1314
14.563701,54
14.566397,1314
14.566424,54
14.567015,1314
14.567037,54
14.567631,1314
14.567656,54
14.568257,1314
14.568282,54
14.570671,1314
14.570696,54
14.571271,1314
14.571295,54
14.588194,1314
14.588221,54
14.588761,1314
14.588779,54
14.592189,1314
14.592206,54
14.592822,1314
14.59284,54
14.59625,1314
14.59627,54
14.59705,1314
14.597076,54
14.600976,1314
14.600998,54
14.602259,1314
14.602283,54
14.606277,1314
14.60631,54
14.606723,1314
14.606743,54
14.607425,1314
14.60745,54
14.61014,1314
14.610163,54
14.61094,1314
14.610965,54
14.611749,1314
14.611774,54
14.612406,1314
14.612407,1314
14.612433,54
14.613049,1314
14.61305,1314
14.613074,54
14.614543,1314
14.614567,54
14.615145,1314
14.615167,54
14.618157,1314
14.618183,54
14.618763,1314
14.618786,54
14.627025,1314
14.62705,54
14.627836,1314
14.627858,54
14.62865,1314
14.628674,54
14.62938,1314
14.62938,1314
14.629408,54
14.631134,1314
14.631158,54
14.631778,1314
14.6318,54
14.632381,1314
14.632404,54
14.635042,1314
14.635065,54
14.635645,1314
14.635668,54
14.637719,54
14.637757,54
14.638614,1314
14.638648,54
14.644207,1314
14.64425,54
14.644792,1314
14.644821,54
14.649715,1314
14.649761,54
14.650713,1314
14.650715,1314
14.650716,1314
14.650749,54
14.651713,1314
14.651741,54
14.652395,1314
14.652426,54
14.662803,55
14.6702,1314
14.670253,54
14.671234,1314
14.67126,54
14.671514,1314
14.671533,54
14.672096,1314
14.672125,54
14.672714,1314
14.672741,54
14.674715,1314
14.67475,54
14.675715,1314
14.675746,54
14.678754,1314
14.678755,1314
14.678797,54
14.682152,1314
14.682215,54
14.682752,1314
14.682781,54
14.686582,1314
14.686619,54
14.68729,1314
14.68732,54
14.687785,1314
14.687808,54
14.690134,1314
14.690165,54
14.694163,1314
14.69419,54
14.694766,1314
14.694787,54
14.695455,1314
14.695479,54
14.696067,1314
14.696092,54
14.696721,1314
14.696722,1314
14.69675,54
14.700826,1314
14.700853,54
14.701418,1314
14.701436,54
14.709966,1314
14.70999,54
14.710564,1314
14.710587,54
14.711166,1314
14.711188,54
14.711782,1314
14.711804,54
14.712378,1314
14.712402,54
14.713389,66
14.714285,1314
14.714308,54
14.71508,1314
14.715105,54
14.715691,1314
14.715717,54
14.717355,1227
14.717379,54
14.797091,1314
14.797126,54
14.797604,1314
14.797623,54
14.798362,1314
14.798386,54
14.799037,1314
14.79905,54
14.799567,1314
14.799592,54
14.800833,1314
14.800845,54
14.801425,1314
14.801426,1314
14.801453,54
14.803907,1314
14.803941,54
14.804511,1314
14.804512,1314
14.804526,54
14.805207,1314
14.805207,1314
14.805208,1314
14.805221,54
14.805921,1314
14.805922,1314
14.805923,1314
14.805924,1314
14.805953,54
14.806638,1314
14.806639,1314
14.806639,1314
14.806648,1314
14.806663,54
14.807297,1314
14.807298,1314
14.807298,1314
14.807328,54
14.808072,1314
14.808073,1314
14.808073,1314
14.808074,1314
14.808075,1314
14.808088,54
14.808625,1314
14.808636,54
14.809317,1314
14.809317,1314
14.809318,1314
14.809318,1314
14.809333,54
14.810027,1314
14.810028,1314
14.810029,1314
14.810058,54
14.812457,1314
14.812468,54
14.813222,1314
14.813236,54
14.813901,1314
14.813903,1314
14.813904,1314
14.813933,54
14.878495,1314
14.878551,54
14.879062,1314
14.879084,54
14.879679,1314
14.8797,54
14.880273,1314
14.880297,54
14.882214,1314
14.882241,54
14.887726,1314
14.887778,54
14.888724,1314
14.888752,54
14.889123,1314
14.889152,54
14.889523,1314
14.889545,54
14.89105,1314
14.891081,54
14.89165,1314
14.891674,54
14.895968,1314
14.895992,54
14.896805,1314
14.896829,54
14.897376,1314
14.897398,54
14.898046,1314
14.898047,1314
14.898073,54
14.898758,1314
14.898758,1314
14.898759,1314
14.898785,54
14.899726,1314
14.899756,54
14.900102,1314
14.900103,1314
14.900131,54
14.900629,1314
14.90063,1314
14.900654,54
14.901239,1314
14.901263,54
14.90195,1314
14.901951,1314
14.901952,1314
14.901979,54
14.902556,1314
14.902578,54
14.903254,1314
14.903256,1314
14.903257,1314
14.903282,54
14.903828,1314
14.903851,54
14.904474,1314
14.904475,1314
14.904499,54
14.905079,1314
14.905102,54
14.905681,1314
14.905705,54
14.906295,1314
14.90632,54
14.906935,1314
14.906936,1314
14.906954,54
14.909779,1314
14.909797,54
14.910438,1314
14.910457,54
14.911165,1314
14.911184,54
14.911781,1314
14.911799,54
14.958468,215
14.960901,1314
14.960948,54
14.961489,1314
14.961515,54
14.962111,1314
14.962137,54
14.962736,1314
14.96276,54
14.964703,1314
14.964731,54
14.965511,1314
14.965535,54
14.968087,1314
14.968111,54
14.968681,1314
14.968706,54
14.969731,1314
14.969769,54
14.972293,1314
14.972337,54
14.972856,1314
14.972876,54
14.976186,1314
14.976215,54
14.976788,1314
14.976807,54
14.980094,1314
14.98012,54
14.986157,1314
14.986186,54
14.986764,1314
14.986789,54
14.987455,1314
14.98748,54
14.988068,1314
14.988092,54
14.988728,1314
14.98875,54
14.989281,54
14.989347,54
14.98992,1314
14.989944,54
14.990666,1314
14.990691,54
14.991262,1314
14.991287,54
14.992952,1314
14.992976,54
14.993748,1314
14.993772,54
14.994357,1314
14.994381,54
14.997597,1314
14.99762,54
14.998215,1314
14.99825,54
14.998799,1314
14.998826,54
14.999405,1314
14.99943,54
15.00173,1314
15.001755,54
15.00234,1314
15.002361,54
15.002935,1314
15.002957,54
15.003666,1314
15.00369,54
15.00427,1314
15.004292,54
15.005465,1314
15.005487,54
15.006085,1314
15.00611,54
15.008111,1314
15.008134,54
15.009876,1314
15.009902,54
15.015608,1314
15.015642,54
15.016232,1314
15.016268,54
15.016776,1314
15.016807,54
15.01742,1314
15.017451,54
15.022151,1314
15.022206,54
15.022537,1314
15.022558,54
15.026572,1314
15.026603,54
15.044191,1314
15.044227,54
15.044787,1314
15.044808,54
15.045423,1314
15.045449,54
15.046145,1314
15.046168,54
15.04695,1314
15.046974,54
15.048091,1314
15.048118,54
15.048379,1314
15.048403,54
15.049004,1314
15.049028,54
15.049631,1314
15.049656,54
15.051557,1314
15.051582,54
15.052165,1314
15.05219,54
15.05533,1314
15.055376,54
15.05589,1314
15.055915,54
15.060914,1314
15.060944,54
15.062375,1314
15.062399,54
15.066903,1314
15.066931,54
15.067398,1314
15.067417,54
15.068008,1314
15.068034,54
15.068625,1314
15.068649,54
15.070421,1314
15.070444,54
15.071021,1314
15.071045,54
15.07193,1314
15.071953,54
15.074448,1314
15.074483,54
15.075055,1314
15.075091,54
15.076439,1314
15.076465,54
15.078288,1314
15.078313,54
15.079216,1314
15.079242,54
15.082864,1314
15.082889,54
15.083449,1314
15.083468,54
15.084072,1314
15.084096,54
15.086397,1314
15.08642,54
15.090736,1314
15.090759,54
15.091535,1314
15.091559,54
15.094456,1314
15.094479,54
15.09506,1314
15.095084,54
15.098422,1314
15.098447,54
15.099734,1314
15.099762,54
15.104738,1314
15.104739,1314
15.104793,54
15.107669,1314
15.107712,54
15.108736,1314
15.108765,54
15.110736,1314
15.110766,54
15.111737,1314
15.111767,54
15.112735,1314
15.112761,54
15.114735,1314
15.114764,54
15.115735,1314
15.115762,54
15.126734,1314
15.126766,54
15.129733,1314
15.129753,54
15.130734,1314
15.130751,54
15.131734,1314
15.131735,1314
15.131754,54
15.132733,1314
15.132734,1314
15.132749,54
15.135735,1314
15.135756,54
15.136738,1314
15.136771,54
15.137749,1314
15.137751,1314
15.137776,54
15.138463,1314
15.138482,54
15.140735,1314
15.140766,54
15.141736,1314
15.141737,1314
15.141738,425
15.14176,54
15.151845,54
15.152058,54
15.164736,54
15.192318,117
15.192367,54
15.192636,54
15.193939,54
15.193966,54
15.221486,1314
15.221532,54
15.222087,1314
15.222101,54
15.222656,1314
15.22267,54
15.223345,1314
15.22337,54
15.223978,1314
15.223979,1314
15.224004,54
15.224533,1314
15.224557,54
15.225158,1314
15.225182,54
15.225807,1314
15.225808,1314
15.225839,54
15.226463,1314
15.226463,1314
15.226476,54
15.227159,1314
15.227184,54
15.227768,1314
15.227799,54
15.228682,1314
15.228682,1314
15.228695,54
15.229012,1314
15.229035,54
15.229635,1314
15.22966,54
15.230244,1314
15.230268,54
15.230952,1314
15.230953,1314
15.230954,1314
15.230979,54
15.231577,1314
15.231578,1314
15.231606,54
15.232232,1314
15.232233,1314
15.232234,1314
15.232247,54
15.233436,1314
15.233453,54
15.23355,1314
15.233551,1314
15.233551,1314
15.233562,54
15.234144,1314
15.234168,54
15.235392,1314
15.235393,1314
15.235394,1314
15.235394,1314
15.235408,54
15.236066,1314
15.236067,1314
15.236067,1314
15.236079,54
15.236733,1314
15.236734,1314
15.236768,54
15.237101,130
15.237345,1314
15.237346,1314
15.237358,54
15.238022,1314
15.238023,1314
15.238035,54
15.238665,1314
15.238667,1314
15.23869,54
15.242971,54
15.302579,1314
15.302633,54
15.306267,1314
15.306292,54
15.307164,1314
15.307185,54
15.307762,1314
15.307781,54
15.308417,1314
15.308418,1314
15.308441,54
15.309252,1314
15.309253,1314
15.309254,1314
15.309285,54
15.309756,1314
15.309777,54
15.310744,1314
15.310766,54
15.311744,1314
15.311746,1314
15.311747,1314
15.311773,54
15.312745,1314
15.312746,1314
15.312769,54
15.313239,1314
15.31326,54
15.313626,1314
15.313626,1314
15.31365,54
15.314158,1314
15.314177,54
15.315744,1314
15.315745,1314
15.315769,54
15.316336,1314
15.316358,54
15.317024,1314
15.317025,1314
15.317025,1314
15.31706,54
15.317593,54
15.317649,1314
15.317672,54
15.317977,54
15.318312,1314
15.318356,54
15.319129,1314
15.31913,1314
15.319131,1314
15.319157,54
15.319264,54
15.319589,54
15.32028,1314
15.32028,1314
15.320281,1314
15.320283,1314
15.32031,54
15.321455,1314
15.321456,1314
15.321482,54
15.322242,1314
15.322267,54
15.322852,1314
15.322874,54
15.323476,1314
15.323498,54
15.324105,1314
15.324127,54
15.324724,1314
15.324748,54
15.330192,1314
15.330223,54
15.330758,1314
15.330778,54
15.334163,1314
15.334188,54
15.334767,1314
15.334789,54
15.335373,1314
15.335395,54
15.336744,1314
15.336767,54
15.382288,1314
15.382335,54
15.386349,1314
15.386392,54
15.390139,1314
15.390188,54
15.390719,1314
15.390748,54
15.392045,1314
15.392073,54
15.39264,1314
15.392665,54
15.39416,1314
15.394184,54
15.394983,1314
15.395008,54
15.395639,1314
15.39564,1314
15.395665,54
15.39635,1314
15.396376,54
15.396911,1314
15.396912,1314
15.396937,54
15.397528,1314
15.397529,1314
15.397553,54
15.39814,1314
15.398161,54
15.398738,1314
15.398761,54
15.399514,1314
15.399538,54
15.399983,1314
15.400007,54
15.402141,1314
15.402165,54
15.406464,1314
15.4065,54
15.407042,1314
15.407072,54
15.407771,1314
15.407801,54
15.408349,1314
15.408384,54
15.409299,1314
15.409299,1314
15.409331,54
15.410803,1314
15.410829,54
15.415061,1314
15.415083,54
15.416862,55
15.4186,1314
15.418626,54
15.419576,1314
15.419601,54
15.420175,1314
15.420197,54
15.420786,1314
15.42081,54
15.422281,1314
15.422306,54
15.42307,1314
15.423094,54
15.423879,1314
15.423902,54
15.424491,1314
15.424515,54
15.426384,1314
15.426406,54
15.427198,1314
15.427221,54
15.428003,1314
15.428027,54
15.430476,1314
15.4305,54
15.435569,1314
15.435592,54
15.436561,1314
15.436586,54
15.437751,1314
15.437783,54
15.438521,1314
15.438566,54
15.439595,1314
15.439626,54
15.441479,54
15.441499,54
15.442699,1314
15.442724,54
15.44328,1314
15.443303,54
15.446516,1314
15.44654,54
15.447286,1314
15.447309,54
15.462785,1314
15.462817,54
15.463614,1314
15.463639,54
15.46878,1314
15.468805,54
15.470524,1314
15.470565,54
15.471174,1314
15.471198,54
15.471782,1314
15.471809,54
15.474189,1314
15.474218,54
15.478392,1314
15.47842,54
15.479233,1314
15.479257,54
15.479653,1314
15.479677,54
15.480501,1314
15.480526,54
15.481158,1314
15.481159,1314
15.481185,54
15.481847,1314
15.481849,1314
15.481849,1314
15.481875,54
15.482426,1314
15.482449,54
15.483068,1314
15.483069,1314
15.483093,54
15.483678,1314
15.483701,54
15.486478,1314
15.486503,54
15.487067,1314
15.487094,54
15.49028,1314
15.490304,54
15.490884,1314
15.490906,54
15.495785,1314
15.495808,54
15.496392,1314
15.49641,54
15.496805,54
15.497048,1314
15.497067,54
15.497618,1314
15.497641,54
15.500302,1314
15.500325,54
15.501148,1314
15.501172,54
15.50422,1314
15.504243,54
15.505027,1314
15.505049,54
15.506644,66
15.508344,1314
15.508368,54
15.51225,1314
15.512274,54
15.513115,1314
15.513137,54
15.513739,1314
15.513764,54
15.516571,1314
15.516596,54
15.517171,1314
15.517195,54
15.520756,1314
15.520807,54
15.521145,1314
15.521166,54
15.525051,1314
15.525085,54
15.525629,1314
15.525651,54
15.526245,1314
15.52627,54
15.528475,1314
15.528503,54
15.52907,1314
15.529094,54
15.532192,1314
15.532216,54
15.540637,1314
15.54067,54
15.544403,1314
15.544425,54
15.545008,1314
15.545033,54
15.548494,1314
15.548522,54
15.548862,1314
15.548882,54
15.55223,1314
15.552261,54
15.552787,1314
15.552808,54
15.559397,1314
15.559447,54
15.559932,1221
15.559959,54
15.565571,54
15.630646,1314
15.63068,54
15.631172,1314
15.631183,54
15.631848,1314
15.631879,54
15.632428,1314
15.632459,54
15.63308,1314
15.63308,1314
15.633094,54
15.633677,1314
15.633702,54
15.634367,1314
15.634368,1314
15.634369,1314
15.634392,54
15.634913,1314
15.634925,54
15.635662,1314
15.635662,1314
15.635663,1314
15.635676,54
15.636761,1314
15.636762,1314
15.636801,54
15.637193,1314
15.637207,54
15.63755,1314
15.63755,1314
15.63755,1314
15.637564,54
15.638137,1314
15.638151,54
15.638843,1314
15.638843,1314
15.638844,1314
15.638859,54
15.639416,1314
15.63944,54
15.640099,1314
15.6401,1314
15.640101,1314
15.640137,54
15.640673,1314
15.640696,54
15.641403,1314
15.641404,1314
15.641405,1314
15.641406,1314
15.641432,54
15.642026,1314
15.642049,54
15.642759,1314
15.64276,1314
15.642761,1314
15.642762,1314
15.642787,54
15.644006,1314
15.644007,1314
15.644008,1314
15.644039,54
15.644608,1314
15.64463,54
15.645219,1314
15.645241,54
15.645938,1314
15.645949,54
15.646474,1314
15.646496,54
15.647095,1314
15.647117,54
15.647918,1314
15.64793,54
15.64861,1314
15.648621,54
15.650755,1314
15.650756,1314
15.650771,54
15.651732,1314
15.651743,54
15.710674,1314
15.710709,54
15.734519,1314
15.734569,54
15.738765,1314
15.738799,54
15.742289,1314
15.742315,54
15.746926,1314
15.74695,54
15.747767,1314
15.747788,54
15.751663,1314
15.751693,54
15.754241,1314
15.754262,54
15.754861,1314
15.754882,54
15.755477,1314
15.755497,54
15.756097,1314
15.756118,54
15.766633,1314
15.766661,54
15.767123,1314
15.76714,54
15.767727,1314
15.767748,54
15.768652,1314
15.768653,1314
15.768674,54
15.770766,1314
15.770814,54
15.777768,1314
15.777817,54
15.778762,1314
15.778775,54
15.779762,1314
15.779784,54
15.779868,1314
15.779879,54
15.78228,1314
15.782308,54
15.782906,1314
15.782919,54
15.783462,1314
15.783475,54
15.806075,1314
15.806113,54
15.806634,1314
15.806659,54
15.807256,1314
15.80728,54
15.807863,1314
15.807886,54
15.809528,1314
15.809552,54
15.813925,1314
15.813957,54
15.814441,1314
15.814456,54
15.81508,1314
15.815097,54
15.815674,1314
15.815691,54
15.81766,1314
15.817679,54
15.820336,1314
15.820364,54
15.821129,1314
15.821161,54
15.821916,1314
15.82194,54
15.822562,1314
15.822564,1314
15.822591,54
15.824892,1314
15.824913,54
15.8255,1314
15.825523,54
15.82608,1314
15.826092,54
15.83006,1314
15.830084,54
15.833904,1314
15.833917,54
15.835122,1314
15.835146,54
15.836673,1314
15.8367,54
15.840379,1314
15.840403,54
15.844718,1314
15.844741,54
15.849752,1314
15.849782,54
15.853769,1314
15.853815,54
15.854169,1314
15.85419,54
15.858357,1314
15.85839,54
15.920634,1314
15.920684,54
15.921398,1314
15.921421,54
15.922137,1314
15.922138,1314
15.922138,1314
15.92214,1314
15.922169,54
15.922839,1314
15.92284,1314
15.922841,1314
15.922842,1314
15.922869,54
15.924143,1314
15.924167,54
15.924746,1314
15.924771,54
15.925356,1314
15.925379,54
15.926841,55
15.928373,1314
15.928396,54
15.932206,1314
15.932231,54
15.933015,1314
15.933037,54
15.936414,1314
15.936448,54
15.940237,1314
15.940282,54
15.940795,1314
15.940814,54
15.944649,1314
15.944671,54
15.948612,1314
15.948636,54
15.952301,1314
15.952331,54
15.957004,1314
15.957026,54
15.961155,1314
15.96118,54
15.964435,1314
15.964458,54
15.968227,1314
15.968251,54
15.972246,1314
15.972294,54
15.976451,1314
15.976478,54
15.982162,1314
15.982191,54
15.984413,1314
15.984442,54
15.98505,1314
15.985075,54
15.988173,1314
15.988198,54
15.992369,1314
15.992393,54
15.995888,54
15.996098,54
15.996278,54
15.996695,1314
15.996722,54
16.000199,1314
16.000223,54
16.004375,1314
16.004398,54
16.008395,1314
16.008418,54
16.009281,1314
16.009307,54
16.01252,1314
16.012545,54
16.013391,1314
16.013415,54
16.016422,1314
16.016446,54
16.020778,1314
16.020829,54
16.024453,1314
16.024494,54
16.025367,1314
16.025389,54
16.02595,66
16.028394,1314
16.028417,54
16.035579,1314
16.035611,54
16.041048,1314
16.041075,54
16.044217,1314
16.044239,54
16.045017,1314
16.04504,54
16.048464,1314
16.048487,54
16.052191,1124
16.052218,54
16.052779,64
16.052798,54
16.108962,54
16.118162,54
16.142106,62
16.142243,62
16.143378,54
16.681881,55
16.726491,54
16.72653,54
16.729978,117
16.730033,54
16.730387,54
16.731179,54
16.731204,54
16.766178,66
16.778894,54
16.784488,54
17.546085,126
17.631972,55
17.691954,55
17.737546,62
17.74241,66
17.804588,66
17.837156,146
17.921979,55
17.940865,72
17.942857,482
18.005879,66
18.078273,359
18.313301,62
18.373687,54
18.373756,54
19.732912,83
19.759058,80
20.148961,1314
20.149001,54
20.149536,1314
20.149555,54
20.150317,1314
20.150336,54
20.150945,1314
20.150964,54
20.151628,1314
20.151629,1314
20.15163,1314
20.151649,54
20.152228,1314
20.152257,54
20.152876,1314
20.152876,1314
20.1529,54
20.153502,1314
20.153502,1314
20.153517,54
20.154191,1314
20.154192,1314
20.154192,1314
20.15421,54
20.154797,1314
20.154833,54
20.155445,1314
20.155446,1314
20.155469,54
20.156122,1314
20.156123,1314
20.156123,1314
20.156138,54
20.156706,1314
20.156735,54
20.157359,1314
20.15736,1314
20.157382,54
20.158062,1314
20.158062,1314
20.158062,1314
20.158075,54
20.15863,1314
20.158643,54
20.159297,1314
20.159298,1314
20.159313,54
20.159901,1314
20.159932,54
20.160512,1314
20.160534,54
20.161215,1314
20.161216,1314
20.161216,1314
20.161216,1314
20.161231,54
20.161836,1314
20.161859,54
20.162481,1314
20.162482,1314
20.16251,54
20.163137,1314
20.163138,1314
20.163164,54
20.163814,1314
20.163839,54
20.16442,1314
20.164442,54
20.165027,1314
20.165049,54
20.165648,1314
20.16567,54
20.166305,1314
20.166305,1314
20.16633,54
20.166896,1314
20.166919,54
20.167489,1314
20.167502,54
20.168134,1314
20.168156,54
20.168736,1314
20.168748,54
20.169426,1314
20.169427,1314
20.169453,54
20.170021,1314
20.170049,54
20.2301,1314
20.230151,54
20.233121,1314
20.233146,54
20.23684,1314
20.236865,54
20.237967,1314
20.238007,54
20.240951,1314
20.240998,54
20.241967,1314
20.241999,54
20.24243,1314
20.242457,54
20.245553,1314
20.245595,54
20.248921,1314
20.248938,54
20.250155,1314
20.250171,54
20.253132,1314
20.25315,54
20.253921,1314
20.253937,54
20.256841,1314
20.256857,54
20.257668,1314
20.257683,54
20.258284,1314
20.258299,54
20.261526,1314
20.261542,54
20.265188,1314
20.265208,54
20.265777,1314
20.265799,54
20.26641,1314
20.266426,54
20.267055,1314
20.267071,54
20.267643,1314
20.267659,54
20.269245,1314
20.269266,54
20.275282,1314
20.275317,54
20.27691,1314
20.276926,54
20.282912,1314
20.282931,54
20.285508,1314
20.285525,54
20.286251,1314
20.286252,1314
20.286252,1314
20.286253,1314
20.286273,54
20.287405,1314
20.287421,54
20.291484,1314
20.291505,54
20.295852,1314
20.295873,54
20.296461,1314
20.296482,54
20.297059,1314
20.297075,54
20.297658,1314
20.297673,54
20.29828,1314
20.298294,54
20.299368,1314
20.299383,54
20.29996,1314
20.299976,54
20.303443,1314
20.303461,54
20.304017,1314
20.304031,54
20.307968,1314
20.30799,54
20.312203,1314
20.31224,54
20.315896,1314
20.315918,54
20.318793,1314
20.318811,54
20.31944,1314
20.319456,54
20.320046,1314
20.320069,54
20.320647,1314
20.320663,54
20.322799,1314
20.322814,54
20.327295,1314
20.327312,54
20.331116,1314
20.331131,54
20.335105,1314
20.335119,54
20.338862,1314
20.338879,54
20.33964,1314
20.339655,54
20.342795,1314
20.342809,54
20.343396,1314
20.343419,54
20.344032,1314
20.344054,54
20.346834,1314
20.346849,54
20.35096,1314
20.350976,54
20.355825,1314
20.355866,54
20.359054,1314
20.359078,54
20.363649,1314
20.363665,54
20.367079,1314
20.367096,54
20.36763,1314
20.367645,54
20.370821,1314
20.37084,54
20.375535,1314
20.37555,54
20.379238,1314
20.379257,54
20.385439,1314
20.385455,54
20.387974,1314
20.388012,54
20.391002,1314
20.39103,54
20.395165,1314
20.39518,54
20.395773,1314
20.395788,54
20.399153,1314
20.39917,54
20.403971,1314
20.403988,54
20.406952,1314
20.406973,54
20.410869,1314
20.410899,54
20.415841,1314
20.415862,54
20.421973,1314
20.421998,54
20.422973,1314
20.422989,54
20.425972,1314
20.42599,54
20.426973,1314
20.426992,54
20.429972,1314
20.429992,54
20.430972,1314
20.430972,1314
20.430988,54
20.431972,1314
20.431986,54
20.433972,1314
20.433986,54
20.437974,1314
20.438021,54
20.440975,1314
20.441009,54
20.445483,1314
20.445541,112
20.445775,1314
20.445802,54
20.446001,747
20.450975,1314
20.45101,54
20.451973,1314
20.451989,54
20.453778,1314
20.453799,54
20.458089,1314
20.458138,54
20.462382,1314
20.462416,54
20.466856,1314
20.466881,54
20.467453,1314
20.467484,54
20.471237,1314
20.471271,54
20.475308,1314
20.475337,54
20.478833,1314
20.478849,54
20.485239,80
20.486533,1314
20.486546,54
20.487978,1314
20.488015,54
20.490895,1314
20.490924,54
20.491479,1314
20.491503,54
20.492097,1314
20.49212,54
20.494975,1314
20.495,54
20.499043,1314
20.499067,54
20.503286,1314
20.50331,54
20.507939,1314
20.507963,54
20.51245,409
20.512475,54
20.58533,1314
20.58545,112
20.64912,1392
20.652844,79
20.714355,994
20.719015,922
20.740088,79
20.771273,54
20.785309,1314
20.785338,54
20.786139,1314
20.78617,54
20.787072,1314
20.787085,54
20.787654,1314
20.787655,1314
20.78767,54
20.788298,1314
20.788299,1314
20.788312,54
20.788976,1314
20.788977,1314
20.789006,54
20.789619,1314
20.789621,1314
20.789648,54
20.79027,1314
20.790271,1314
20.790299,54
20.79366,1314
20.793661,1314
20.793692,54
20.794263,1314
20.794286,54
20.794928,1314
20.794929,1314
20.79496,54
20.795763,1314
20.795763,1314
20.795763,1314
20.795764,1314
20.795778,54
20.796417,1314
20.796417,1314
20.796417,1314
20.796418,1314
20.796418,1314
20.796433,54
20.797023,1314
20.797024,1314
20.797052,54
20.797699,1314
20.797701,1314
20.797702,1314
20.797726,54
20.798371,1314
20.798372,1314
20.798372,1314
20.798373,1314
20.798386,54
20.799103,1314
20.799104,1314
20.799104,1314
20.799118,54
20.800242,1314
20.800265,54
20.80093,1314
20.800931,1314
20.800932,1314
20.800957,54
20.801522,1314
20.801545,54
20.802252,1314
20.802265,54
20.802991,1314
20.802992,1314
20.803017,54
20.803613,1314
20.803613,1314
20.803632,54
20.804481,1314
20.804497,54
20.804724,1314
20.804738,54
20.805245,1314
20.805257,54
20.805872,1314
20.805886,54
20.80652,1314
20.806545,54
20.807144,1314
20.807168,54
20.807763,1314
20.807788,54
20.853578,1392
20.875597,54
20.875633,54
20.879146,79
20.90014,84
20.909171,1314
20.909213,54
20.909768,1314
20.90979,54
20.910354,160
20.913889,1314
20.913918,54
20.917195,1314
20.917221,54
20.917752,59
20.917782,1314
20.917836,54
20.918766,1314
20.918792,54
20.919015,1314
20.919034,54
20.921202,1314
20.921228,54
20.922015,1314
20.922039,54
20.925215,1314
20.925236,54
20.926273,1314
20.926297,54
20.928997,1314
20.929022,54
20.929584,1314
20.929609,54
20.930107,1314
20.930131,54
20.930712,1314
20.930735,54
20.933032,1314
20.933055,54
20.936096,83
20.937001,1314
20.937044,54
20.937998,1314
20.938032,54
20.941692,1314
20.941724,54
20.942251,1314
20.942266,54
20.942889,1314
20.942907,54
20.943522,1314
20.94354,54
20.94557,1314
20.945589,54
20.946401,1314
20.94642,54
20.947018,1314
20.947036,54
20.947682,1314
20.947683,1314
20.947704,54
20.948975,1314
20.948995,54
20.949571,1314
20.949588,54
20.955675,1314
20.955704,54
20.956268,1314
20.956286,54
20.956888,1314
20.956906,54
20.957654,1314
20.957672,54
20.958309,1314
20.95831,1314
20.95833,54
20.958997,1314
20.958999,1314
20.959018,54
20.95954,1314
20.959559,54
20.96022,1314
20.960236,54
20.961391,1314
20.961409,54
20.963183,1314
20.9632,54
20.96721,1314
20.967234,54
20.967789,1314
20.967811,54
20.968406,1314
20.968432,54
20.971436,1314
20.971477,54
20.975274,1314
20.975304,54
20.975979,1314
20.976007,54
20.976574,1314
20.976594,54
20.978805,1314
20.978825,54
20.979622,1314
20.979641,54
20.983203,1314
20.983222,54
20.987253,1314
20.987273,54
20.990857,1314
20.990883,54
20.99509,1314
20.995108,54
21.000886,1314
21.000906,54
21.001478,1314
21.001496,54
21.003092,1314
21.003111,54
21.021004,1314
21.02105,54
21.025002,1314
21.025043,54
21.028191,1314
21.02821,54
21.032385,1314
21.032413,54
21.036745,1314
21.036763,54
21.042091,1314
21.042114,54
21.04701,1314
21.047028,54
21.047824,1314
21.047837,54
21.050933,1314
21.050959,54
21.055676,1314
21.055714,54
21.056279,1314
21.056294,54
21.059009,1314
21.059033,54
21.063085,1314
21.063112,54
21.067187,1314
21.0672,54
21.071056,1314
21.071068,54
21.076258,1314
21.076276,54
21.083665,1314
21.083691,54
21.087277,1314
21.087291,54
21.090878,1314
21.090908,54
21.09146,1314
21.091472,54
21.095552,1314
21.095577,54
21.103287,1314
21.103303,54
21.103981,1314
21.104007,54
21.107331,1314
21.107356,54
21.111045,1314
21.111072,54
21.111639,1314
21.111663,54
21.112267,1314
21.11228,54
21.115197,1314
21.11522,54
21.119201,1314
21.119224,54
21.123536,1314
21.123564,54
21.127432,1314
21.127457,54
21.131206,1314
21.131231,54
21.135214,1314
21.135238,54
21.135812,1314
21.135836,54
21.136802,1314
21.136836,54
21.140551,1314
21.140597,54
21.142006,1314
21.142053,54
21.14509,1314
21.145115,54
21.145969,1314
21.145994,54
21.148872,1314
21.148891,54
21.153129,1314
21.153148,54
21.157109,1314
21.157131,54
21.157899,1314
21.157917,54
21.158677,1314
21.158694,54
21.161856,1314
21.161872,54
21.165589,1314
21.165606,54
21.170087,1314
21.170104,54
21.173303,1314
21.173321,54
21.17771,1314
21.177735,54
21.178326,1314
21.178349,54
21.181205,1314
21.181229,54
21.185497,1314
21.18552,54
21.190172,1314
21.190222,54
21.195716,1314
21.195743,54
21.196365,1314
21.196391,54
21.199024,1314
21.199048,54
21.203198,1314
21.203222,54
21.208445,1314
21.208479,54
21.208878,1314
21.208898,54
21.212321,1314
21.212344,54
21.21752,1314
21.217544,54
21.222956,1314
21.223002,54
21.223818,1314
21.223845,54
21.225194,1314
21.225219,54
21.228901,1314
21.228924,54
21.234429,1314
21.234453,54
21.238268,1314
21.238297,54
21.2425,1314
21.242541,54
21.243074,1314
21.243099,54
21.245045,1314
21.245069,54
21.249323,1314
21.249347,54
21.253647,1314
21.253671,54
21.257328,1314
21.257353,54
21.261282,1314
21.261307,54
21.262072,1314
21.262094,54
21.262707,162
21.262807,62
21.264976,394
21.265049,1314
21.265074,54
21.269141,1314
21.269193,54
21.273258,1314
21.273305,54
21.277568,1314
21.277598,54
21.280937,1314
21.280963,54
21.285086,1314
21.285114,54
21.289159,1314
21.289193,54
21.289998,1314
21.290022,54
21.293235,1314
21.293258,54
21.297207,1314
21.297233,54
21.300914,1314
21.300937,54
21.306015,1314
21.306059,54
21.30896,1314
21.308985,54
21.313101,1314
21.313133,54
21.317018,1314
21.317063,54
21.31756,1314
21.317586,54
21.32092,1314
21.320947,54
21.325068,1314
21.325095,54
21.328957,1314
21.328984,54
21.333646,1314
21.333668,54
21.336952,1314
21.336974,54
21.341318,1314
21.341348,54
21.341916,1314
21.341938,54
21.345541,1314
21.345564,54
21.346382,1314
21.346407,54
21.349016,1314
21.349043,54
21.354019,1314
21.354069,54
21.357201,1314
21.357243,54
21.36167,1314
21.361699,54
21.365446,1314
21.365472,54
21.368927,1314
21.368953,54
21.376018,1314
21.376053,54
21.377019,1314
21.377047,54
21.380018,1314
21.380044,54
21.383017,1314
21.383042,54
21.384018,1314
21.384043,54
21.388022,1314
21.388064,54
21.391131,1314
21.391164,54
21.395404,1314
21.395422,54
21.399143,1314
21.399167,54
21.399815,1314
21.39984,54
21.407967,1314
21.407983,54
21.408651,1314
21.408665,54
21.411321,1314
21.411344,54
21.415325,1314
21.415349,54
21.419748,1314
21.419776,54
21.420576,1314
21.42059,54
21.427155,1314
21.427172,54
21.427763,1314
21.427777,54
21.432017,1314
21.432032,54
21.436018,1314
21.436032,54
21.439125,1314
21.439161,54
21.442984,1314
21.443018,54
21.447419,1314
21.447444,54
21.451135,103
21.451226,1314
21.451244,54
21.455335,1314
21.455357,54
21.456146,1314
21.45616,54
21.458913,1314
21.458934,54
21.46334,1314
21.463354,54
21.491415,1314
21.491454,54
21.492035,1314
21.49206,54
21.497293,1314
21.497305,54
21.497939,1314
21.497962,54
21.50105,1314
21.501083,54
21.504927,1314
21.504939,54
21.510397,1314
21.510422,54
21.513396,1314
21.513421,54
21.514026,1314
21.514049,54
21.517108,1314
21.517132,54
21.521678,1314
21.521734,54
21.526024,1314
21.526062,54
21.529596,1314
21.529624,54
21.533336,1314
21.533363,54
21.537122,1314
21.537148,54
21.541399,1314
21.541429,54
21.542006,1314
21.542033,54
21.545173,1314
21.545195,54
21.549389,1314
21.549414,54
21.555027,1314
21.555077,54
21.557027,1314
21.557063,54
21.562532,1314
21.562568,54
21.565065,1314
21.565091,54
21.569026,1314
21.569051,54
21.569631,1314
21.569656,54
21.573208,1314
21.573234,54
21.574015,1314
21.574041,54
21.577167,1314
21.577193,54
21.581238,1314
21.581263,54
21.585205,1314
21.585231,54
21.589579,1314
21.589605,54
21.593254,1314
21.593279,54
21.59867,1314
21.598694,54
21.599281,1314
21.599305,54
21.602373,1314
21.602398,54
21.605881,1314
21.60593,54
21.614571,1314
21.614601,54
21.615621,1314
21.615645,54
21.616306,1314
21.616331,54
21.618982,1314
21.619006,54
21.621911,62
21.622031,62
21.623083,1314
21.62311,54
21.626955,1314
21.626979,54
21.627789,1314
21.627813,54
21.631012,1314
21.631036,54
21.635382,1314
21.635403,54
21.63903,1314
21.639075,54
21.643308,1314
21.643339,54
21.647185,1314
21.647211,54
21.651578,1314
21.651603,54
21.652421,1314
21.652443,54
21.655305,1314
21.655327,54
21.658997,1314
21.659026,54
21.663177,1314
21.663202,54
21.664203,54
21.664247,54
21.667305,1314
21.667337,54
21.67121,1314
21.671241,54
21.683279,1314
21.683306,54
21.683878,1314
21.6839,54
21.688035,1314
21.68809,54
21.689032,1314
21.68906,54
21.691209,1314
21.691241,54
21.695176,1314
21.695206,54
21.699496,1314
21.699523,54
21.70332,1314
21.703343,54
21.707261,1314
21.70729,54
21.707878,1314
21.707902,54
21.711175,1314
21.711201,54
21.715538,1314
21.715561,54
21.71938,1314
21.719409,54
21.723451,1314
21.723496,54
21.728619,1314
21.728654,54
21.733036,1314
21.733078,54
21.737037,1314
21.737083,54
21.738034,1314
21.73806,54
21.741468,1314
21.741513,54
21.745468,1314
21.745508,54
21.749022,1314
21.749066,54
21.75335,1314
21.75339,54
21.753939,1314
21.753962,54
21.757316,1314
21.757343,54
21.761802,1314
21.761829,54
21.765152,1314
21.765176,54
21.771037,1314
21.771089,54
21.777039,1314
21.777041,1314
21.777086,54
21.781763,1314
21.781789,54
21.786882,1314
21.786908,54
21.787705,1314
21.787731,54
21.792871,1314
21.792899,54
21.793769,1314
21.793791,54
21.794372,1314
21.794396,54
21.797684,1314
21.79771,54
21.802368,1314
21.802398,54
21.803039,1314
21.803071,54
21.807197,1314
21.807242,54
21.813392,1314
21.813423,54
21.814003,1314
21.814027,54
21.818249,1314
21.818275,54
21.821308,1314
21.821333,54
21.82513,1314
21.825158,54
21.825935,1314
21.825958,54
21.829311,1314
21.829337,54
21.841338,1314
21.841373,54
21.842432,1314
21.842455,54
21.845116,1314
21.845137,54
21.849149,1314
21.849173,54
21.851739,1314
21.851761,54
21.853193,1314
21.853231,54
21.857162,1314
21.857207,54
21.861623,1314
21.86165,54
21.865055,1314
21.865078,54
21.869436,1314
21.869461,54
21.873309,1314
21.873337,54
21.877172,1314
21.877194,54
21.877769,1314
21.877792,54
21.893805,1314
21.893861,54
21.894329,1314
21.89435,54
21.897454,1314
21.897479,54
21.901118,55
21.901332,1314
21.901357,54
21.905153,1314
21.905178,54
21.909307,1314
21.909338,54
21.915993,1314
21.91602,54
21.916552,1314
21.916574,54
21.920095,1314
21.92012,54
21.920702,1314
21.920703,474
21.920728,54
22.115282,66
22.227206,55
22.273815,66
22.837421,146
22.987324,359
23.011196,55
23.057889,66
23.26717,54
23.365207,55
23.36721,55
23.367226,55
23.376724,66
23.380557,66
23.381163,55
23.385424,66
23.393836,66
23.630616,54
23.667224,55
23.687191,55
23.714297,66
23.767222,55
23.773129,66
23.844203,66
23.969812,215
23.977464,107
23.977564,54
23.978426,54
23.978473,54
24.588277,66
24.699777,78
25.15245,54
25.256797,54
25.526734,1314
25.526784,54
25.527957,1314
25.527982,54
25.528598,1314
25.5286,1314
25.528627,54
25.529196,1314
25.529223,54
25.529842,1314
25.529843,1314
25.529868,54
25.531165,1314
25.531189,54
25.531844,1314
25.531845,1314
25.531871,54
25.532579,1314
25.53258,1314
25.53258,1314
25.532609,54
25.533189,1314
25.53319,1314
25.533218,54
25.533812,1314
25.533814,1314
25.533839,54
25.534475,1314
25.534476,1314
25.5345,54
25.535088,1314
25.535113,54
25.535951,1314
25.535953,1314
25.535982,54
25.53636,1314
25.536362,1314
25.536386,54
25.53697,1314
25.536993,54
25.537603,1314
25.537626,54
25.538204,1314
25.538228,54
25.538905,1314
25.53893,54
25.539413,1314
25.539436,54
25.540036,1314
25.540058,54
25.540662,1314
25.540686,54
25.541619,1314
25.541644,54
25.541919,1314
25.541942,54
25.542713,1314
25.542735,54
25.543404,1314
25.543426,54
25.544032,1314
25.544054,54
25.544694,1314
25.544695,1314
25.544719,54
25.545862,1314
25.545886,54
25.546645,1314
25.546667,54
25.547268,1314
25.54729,54
25.547941,1314
25.547943,1314
25.547944,1314
25.547969,54
25.548549,1314
25.548572,54
25.549241,1314
25.549242,1314
25.549243,1314
25.549269,54
25.549863,1314
25.549864,1314
25.549888,54
25.550549,1314
25.550551,1314
25.550551,1314
25.550576,54
25.551154,1314
25.551175,54
25.553208,1314
25.553209,1314
25.553211,1314
25.553212,1314
25.553263,54
25.554207,1314
25.554208,1314
25.554209,1314
25.55421,1314
25.554244,54
25.607849,1314
25.60791,54
25.611575,1314
25.611605,54
25.612181,1314
25.612208,54
25.612802,1314
25.612827,54
25.616189,1314
25.616217,54
25.620665,1314
25.620691,54
25.621481,1314
25.621506,54
25.624605,1314
25.624628,54
25.629324,1314
25.629349,54
25.629923,1314
25.629946,54
25.637213,1314
25.637264,54
25.63754,1314
25.637561,54
25.638935,1314
25.638965,54
25.640619,1314
25.640651,54
25.641127,1314
25.641147,54
25.641902,1314
25.641927,54
25.642329,1314
25.642354,54
25.642989,1314
25.64299,1314
25.643017,54
25.644188,1314
25.644215,54
25.647933,1314
25.647957,54
25.64887,1314
25.648895,54
25.651735,1314
25.651757,54
25.65234,1314
25.652364,54
25.655964,1314
25.655987,54
25.659768,1314
25.659794,54
25.663802,1314
25.663826,54
25.667733,1314
25.667756,54
25.668561,1314
25.668583,54
25.672701,1314
25.672725,54
25.673289,1314
25.673312,54
25.67597,1314
25.675995,54
25.679764,1314
25.679787,54
25.684551,1314
25.684575,54
25.688214,1314
25.688216,1314
25.688276,54
25.691992,1314
25.692031,54
25.696869,1314
25.696896,54
25.697816,1314
25.697838,54
25.700552,1314
25.700579,54
25.703944,1314
25.703966,54
25.709213,1314
25.709246,54
25.712214,1314
25.712242,54
25.713275,1314
25.713276,1314
25.713304,54
25.716214,1314
25.716243,54
25.720216,1314
25.720265,54
25.720593,1314
25.720615,54
25.721232,1314
25.721256,54
25.721948,1314
25.721973,54
25.723216,1314
25.723217,1314
25.723218,1314
25.723218,1314
25.723253,54
25.724214,1314
25.724243,54
25.728216,1314
25.728254,54
25.729108,1314
25.72911,1314
25.729139,54
25.729679,1314
25.729704,54
25.733915,1314
25.733942,54
25.734731,1314
25.734756,54
25.735338,1314
25.735362,54
25.735939,1314
25.735961,54
25.737762,1314
25.737778,54
25.737987,62
25.739212,1314
25.739229,54
25.740212,1314
25.740213,562
25.740229,54
25.929246,1314
25.929294,54
25.929781,1314
25.929797,54
25.930449,1314
25.930473,54
25.931046,1314
25.931071,54
25.931667,1314
25.93169,54
25.932298,1314
25.93232,54
25.932946,1314
25.93297,54
25.933555,1314
25.933578,54
25.934165,1314
25.934187,54
25.934793,1314
25.934817,54
25.935435,1314
25.935447,54
25.937225,1314
25.937226,1314
25.937264,54
25.938154,1314
25.938168,54
25.938471,1314
25.938471,1314
25.938485,54
25.939173,1314
25.939173,1314
25.939188,54
25.939746,1314
25.939772,54
25.94093,1314
25.940956,54
25.942222,1314
25.942223,1314
25.942223,1314
25.942242,54
25.943221,1314
25.943238,54
25.943862,1314
25.943876,54
25.94404,1314
25.944052,54
25.945235,1314
25.945254,54
25.945885,1314
25.945899,54
25.946493,1314
25.946521,54
25.947102,1314
25.947126,54
25.948306,1314
25.948334,54
25.948974,1314
25.949005,54
25.949584,1314
25.949585,1314
25.949614,54
25.950178,1314
25.950202,54
25.950838,1314
25.950839,1314
25.950866,54
25.951435,1314
25.951458,54
25.952164,1314
25.952187,54
25.952891,1314
25.952903,54
25.954166,1314
25.954168,1314
25.954199,54
25.954769,1314
25.954792,54
25.955365,1314
25.955388,54
25.956121,1314
25.956133,54
25.956618,1314
25.956641,54
25.957281,1314
25.957282,1314
25.957304,54
25.957865,1314
25.957888,54
25.95845,1314
25.958462,54
25.95906,1314
25.959075,54
25.959794,1314
25.959808,54
25.960286,1314
25.960287,1314
25.9603,54
25.961534,1314
25.961558,54
25.9621,1314
25.962122,54
25.962706,1314
25.962728,54
25.963309,1314
25.963331,54
25.964001,1314
25.964022,54
25.96518,1314
25.965203,54
25.965906,1314
25.965907,1314
25.965919,54
25.966505,1314
25.966518,54
25.967044,1314
25.967068,54
25.992543,72
25.992731,130
25.996383,54
25.996467,54
26.009608,1314
26.009644,54
26.010183,1314
26.010206,54
26.010852,1314
26.010873,54
26.015997,1314
26.016021,54
26.016801,117
26.016826,54
26.017106,54
26.017394,54
26.017418,54
26.018581,1314
26.018608,54
26.023033,1314
26.023082,54
26.025549,1314
26.025581,54
26.026125,1314
26.026151,54
26.030675,1314
26.030704,54
26.033675,1314
26.033698,54
26.037904,1314
26.03793,54
26.042102,1314
26.042126,54
26.042452,1314
26.042471,54
26.045672,1314
26.045695,54
26.046304,1314
26.046329,54
26.046926,1314
26.046949,54
26.049522,1314
26.049547,54
26.050116,1314
26.05014,54
26.05423,1314
26.05428,54
26.057776,1314
26.05781,54
26.061946,1314
26.061982,54
26.062769,1314
26.062794,54
26.063563,1314
26.063587,54
26.065455,1314
26.065478,54
26.069888,1314
26.069913,54
26.073775,1314
26.073799,54
26.074591,1314
26.074616,54
26.077794,1314
26.077818,54
26.081902,1314
26.081922,54
26.085706,1314
26.085725,54
26.089555,1314
26.089575,54
26.093811,1314
26.093829,54
26.098344,1314
26.098367,54
26.098953,1314
26.098975,54
26.103031,1314
26.103084,54
26.103243,1314
26.103263,54
26.103803,1314
26.103824,54
26.105874,1314
26.105901,54
26.106475,1314
26.106501,54
26.109822,1314
26.109851,54
26.118547,1314
26.118578,54
26.119736,1314
26.11976,54
26.120917,1314
26.12094,54
26.121538,1314
26.121562,54
26.124902,1314
26.124926,54
26.127714,1314
26.127738,54
26.131779,1314
26.131807,54
26.136236,1314
26.136278,54
26.136778,1314
26.136807,54
26.137035,1314
26.137055,54
26.139792,1314
26.13983,54
26.143786,1314
26.143819,54
26.148232,1314
26.14826,54
26.152006,1314
26.152032,54
26.152883,1314
26.152885,54
26.152919,54
26.155957,1314
26.155982,54
26.159775,1314
26.159799,54
26.160371,1314
26.160394,54
26.162263,54
26.162278,54
26.163723,1314
26.163744,54
26.167678,1314
26.167699,54
26.171552,1314
26.171575,54
26.17635,1314
26.176373,54
26.177185,1314
26.177205,54
26.177823,54
26.179605,1314
26.179626,54
26.183572,1314
26.183595,54
26.191999,54
26.210214,1314
26.21026,54
26.210787,1314
26.210807,54
26.211413,1314
26.211436,54
26.213918,1314
26.213939,54
26.225724,1314
26.22577,54
26.22956,1314
26.229589,54
26.235551,1314
26.235577,54
26.239833,1314
26.239858,54
26.240649,1314
26.240673,54
26.243828,1314
26.24385,54
26.247802,1314
26.247823,54
26.251792,1314
26.251815,54
26.255602,1314
26.255623,54
26.256464,1314
26.256485,54
26.259805,1314
26.259829,54
26.263579,1314
26.263601,54
26.267786,1314
26.267808,54
26.271832,1314
26.27188,54
26.27602,1314
26.276057,54
26.279973,1314
26.280018,54
26.280567,1314
26.280594,54
26.283988,1314
26.284016,54
26.287771,1314
26.287794,54
26.292065,1314
26.292095,54
26.295896,1314
26.295934,54
26.299611,1314
26.29964,54
26.304241,1314
26.304288,54
26.305532,62
26.30565,62
26.307946,1314
26.307971,54
26.308637,1314
26.308659,54
26.311987,1314
26.312016,54
26.31624,1314
26.316273,54
26.320238,1314
26.320277,54
26.32378,1314
26.323796,54
26.327644,1314
26.32768,54
26.331846,1314
26.331878,54
26.33624,1314
26.336267,54
26.340239,1314
26.340272,54
26.340447,1314
26.340458,54
26.343932,1314
26.343961,54
26.344726,1314
26.344739,54
26.345484,1314
26.345496,54
26.347975,1314
26.347989,54
26.355633,1314
26.355671,54
26.356166,1314
26.356183,54
26.359872,1314
26.359902,54
26.360403,1314
26.360416,54
26.363849,1314
26.363861,54
26.367838,1314
26.367864,54
26.371808,1314
26.371828,54
26.37605,1314
26.376066,54
26.379965,1314
26.37998,54
26.38057,1314
26.380583,54
26.383739,1314
26.383752,54
26.387944,1314
26.387988,54
26.392209,1314
26.392234,54
26.395748,1314
26.395767,54
26.399855,1314
26.399881,54
26.403791,1314
26.403814,54
26.40758,1314
26.407603,54
26.408199,1314
26.408228,54
26.412902,1314
26.412926,54
26.415802,1314
26.415826,54
26.416458,465
26.416481,54
26.419823,1314
26.419835,54
26.426376,1314
26.426416,54
26.427808,1314
26.42784,54
26.428387,1314
26.428421,54
26.431806,1314
26.431833,54
26.432417,1314
26.43244,54
26.436001,1314
26.436048,54
26.439845,1314
26.439896,54
26.443869,1314
26.443907,54
26.448026,1314
26.448053,54
26.451799,1314
26.451828,54
26.452411,1314
26.452434,54
26.455829,1314
26.455853,54
26.459808,1314
26.459834,54
26.463615,1314
26.46364,54
26.468687,1314
26.468718,54
26.475644,1314
26.47569,54
26.476248,694
26.476272,54
26.566426,126
26.631742,64
26.631794,54
27.041688,215
27.837678,146
28.02432,325
28.326415,55
28.345405,55
28.346385,55
28.347333,54
28.354374,55
28.367538,54
28.367996,54
28.377643,54
28.751225,62
28.766471,55
28.85184,66
29.066462,55
29.079066,66
29.226505,55
29.237841,66
29.316459,55
29.327464,66
29.515514,55
29.531341,66
29.556482,55
29.567905,66
29.616558,62
29.616759,130
29.626492,55
29.634469,55
29.636441,55
29.636545,55
29.644487,55
29.648283,54
29.648862,54
29.648863,66
29.648863,54
29.65549,55
29.656972,66
29.667296,66
29.696498,55
29.704445,55
29.71134,66
29.716912,66
29.82647,55
29.837236,66
29.843831,62
29.844342,62
29.844433,62
30.11648,55
30.127807,66
30.177704,1314
30.177763,54
30.17832,1314
30.178341,54
30.178949,1314
30.178972,54
30.179493,1314
30.179518,54
30.180086,1314
30.180109,54
30.180711,1314
30.180735,54
30.181335,1314
30.181359,54
30.181952,1314
30.181975,54
30.182875,1314
30.182901,54
30.183192,1314
30.183215,54
30.183938,1314
30.183961,54
30.184552,1314
30.184575,54
30.185139,1314
30.185162,54
30.185783,1314
30.185809,54
30.186415,1314
30.186445,54
30.187417,1314
30.187447,54
30.188417,1314
30.188418,1314
30.18845,54
30.188959,1314
30.188981,54
30.18952,1314
30.189542,54
30.190094,1314
30.190096,1314
30.190121,54
30.190706,1314
30.190725,54
30.191366,1314
30.191393,54
30.192358,1314
30.192383,54
30.192978,1314
30.193002,54
30.193581,1314
30.193604,54
30.194196,1314
30.194218,54
30.194817,1314
30.194839,54
30.195693,1314
30.195717,54
30.196071,1314
30.196095,54
30.196699,1314
30.196722,54
30.197361,1314
30.197362,1314
30.197387,54
30.19796,1314
30.197988,54
30.198571,1314
30.198594,54
30.199398,1314
30.199426,54
30.199819,1314
30.199842,54
30.200496,1314
30.200517,54
30.201099,1314
30.201121,54
30.201708,1314
30.201729,54
30.202315,1314
30.202336,54
30.202939,1314
30.202961,54
30.20357,1314
30.203592,54
30.204194,1314
30.204216,54
30.204816,1314
30.20484,54
30.205444,1314
30.205466,54
30.206069,1314
30.206091,54
30.206703,1314
30.206725,54
30.207319,1314
30.20734,54
30.207945,1314
30.207962,54
30.208592,1314
30.208593,1314
30.208611,54
30.209216,1314
30.209234,54
30.210443,1314
30.210444,1314
30.210463,54
30.21105,1314
30.211066,54
30.214921,1314
30.214947,54
30.215499,1314
30.215522,54
30.216234,1314
30.216235,1314
30.216236,1314
30.216237,1314
30.216268,54
30.216814,1314
30.216838,66
30.259638,1314
30.259688,66
30.260204,1314
30.260226,66
30.261196,1314
30.261215,66
30.262997,1314
30.263016,66
30.26653,1314
30.26655,66
30.270421,1314
30.270463,66
30.274862,1314
30.274897,66
30.275197,1314
30.275218,66
30.278168,1314
30.278189,66
30.282185,1314
30.282209,66
30.286162,1314
30.286184,66
30.29022,1314
30.29024,66
30.294531,1314
30.294551,66
30.298355,1314
30.298377,66
30.302423,1314
30.302457,66
30.30342,1314
30.303441,66
30.30709,1314
30.307119,66
30.307661,1314
30.307681,66
30.312045,1314
30.312081,66
30.317426,1314
30.317472,66
30.320928,1314
30.320962,66
30.321502,1314
30.321521,66
30.322122,1314
30.322144,66
30.32426,1314
30.324286,66
30.328118,1314
30.328144,66
30.332389,1314
30.332421,66
30.337301,1314
30.337326,66
30.34035,1314
30.340373,66
30.340954,1314
30.340974,66
30.344743,1314
30.344762,66
30.349424,1314
30.349454,66
30.352424,1314
30.352463,66
30.356423,1314
30.356459,66
30.357424,1314
30.357445,66
30.358421,1314
30.358432,66
30.361422,1314
30.361453,66
30.364788,1314
30.364813,66
30.365346,1314
30.365358,66
30.368568,1314
30.3686,66
30.373683,1314
30.373701,66
30.37645,1314
30.376466,66
30.380917,1314
30.380942,66
30.384487,1314
30.384508,66
30.388806,1314
30.388837,66
30.389354,1314
30.389379,66
30.393615,1314
30.393626,66
30.396787,1314
30.396799,66
30.401398,1314
30.401426,66
30.404402,1314
30.404423,66
30.40858,1314
30.40861,66
30.412582,1314
30.4126,66
30.413366,1314
30.413386,66
30.419401,1314
30.41943,66
30.419869,1314
30.419889,66
30.420892,1314
30.420911,66
30.425066,1314
30.425086,66
30.425657,1314
30.425675,66
30.428426,1314
30.428445,66
30.43643,1314
30.436471,66
30.4371,1314
30.43713,66
30.44043,1314
30.440468,66
30.441012,1314
30.441036,66
30.442017,1314
30.442039,66
30.442224,1314
30.442243,66
30.448206,1314
30.448228,66
30.452444,1314
30.452463,66
30.555259,684
30.555314,66
30.560992,1314
30.561029,66
30.561555,684
30.561608,54
30.564273,1314
30.564301,54
30.565016,54
30.56822,1314
30.56824,54
30.572483,1314
30.572518,54
30.57655,1314
30.576581,54
30.580371,1314
30.580402,54
30.584424,1314
30.584449,54
30.588473,1314
30.588497,54
30.592407,1314
30.592433,54
30.596446,1314
30.596471,54
30.597263,1314
30.597286,54
30.600854,1314
30.600877,54
30.604573,1314
30.604627,54
30.608295,1314
30.608325,54
30.614425,1314
30.614457,54
30.619169,1314
30.619199,54
30.625138,1314
30.625161,54
30.625972,1314
30.625995,54
30.626577,1314
30.626602,54
30.630663,1314
30.630688,54
30.635212,1314
30.635237,54
30.639051,1314
30.639097,54
30.640233,66
30.641126,66
30.641175,54
30.641281,297
30.642624,1314
30.64265,54
30.643277,54
30.646463,1314
30.64649,54
30.650192,1314
30.650225,54
30.654444,1314
30.654469,54
30.65844,1314
30.658465,54
30.662586,1314
30.662614,54
30.666261,1314
30.666286,54
30.671215,1314
30.671239,54
30.675979,1314
30.676003,54
30.676493,1314
30.676515,54
30.679438,1314
30.679461,54
30.684224,1314
30.684247,54
30.688887,1314
30.688935,54
30.693368,1314
30.693396,54
30.709683,1314
30.709726,54
30.714897,1314
30.714924,54
30.719071,1314
30.719099,54
30.722658,1314
30.72269,54
30.723212,1314
30.723227,54
30.727038,1314
30.727056,54
30.727967,1314
30.727981,54
30.73089,1314
30.73091,54
30.735613,1314
30.735627,54
30.740438,1314
30.740458,54
30.75659,1314
30.756614,54
30.757145,1314
30.757163,54
30.760822,1314
30.76085,54
30.765347,1314
30.765365,54
30.766476,1314
30.766494,54
30.771442,1314
30.771443,1297
30.771482,54
30.774991,1314
30.775005,54
30.779493,1314
30.779509,54
30.780057,1314
30.780074,54
30.78425,1314
30.784272,54
30.788214,1314
30.788229,54
30.7949,1314
30.794923,54
30.795557,297
30.79558,54
30.891081,1314
30.891127,54
30.891609,1314
30.891626,54
30.892204,1314
30.892224,54
30.892818,1314
30.892836,54
30.893477,1314
30.893478,1314
30.893499,54
30.894072,1314
30.894089,54
30.894723,1314
30.894724,1314
30.894743,54
30.895335,82
30.895335,1314
30.895366,54
30.896307,1314
30.896329,54
30.896999,1314
30.897,1314
30.897001,1314
30.897023,54
30.897577,1314
30.897595,54
30.898327,1314
30.898327,1314
30.898328,1314
30.898329,1314
30.89835,54
30.89925,1314
30.899274,54
30.899579,1314
30.89958,1314
30.899602,54
30.900225,1314
30.900226,1314
30.900245,54
30.900828,1314
30.900846,54
30.901511,1314
30.901511,1314
30.901512,1314
30.901532,54
30.902101,61
30.902101,1314
30.902132,54
30.902412,83
30.902776,1314
30.902777,1314
30.902778,1314
30.902799,54
30.90335,1314
30.903368,54
30.906135,1314
30.906153,54
30.906944,1314
30.906962,54
30.910434,1314
30.910462,54
30.938761,191
30.938809,54
30.938941,54
30.940056,54
30.940087,54
30.975518,1314
30.975568,54
30.976079,1314
30.976102,54
30.980452,1314
30.980493,54
30.981005,1314
30.981024,54
30.981599,1314
30.981622,54
30.982785,1314
30.982812,54
30.985422,1314
30.985442,54
30.988304,1314
30.98832,54
30.989051,1314
30.989065,54
30.989652,1314
30.989663,54
30.992889,1314
30.992918,54
30.999224,1314
30.999248,54
30.999722,1314
30.999736,54
31.000365,1314
31.000391,54
31.000969,1314
31.000994,54
31.002588,1314
31.0026,54
31.003188,1314
31.003213,54
31.003816,1314
31.003838,54
31.004429,1314
31.004454,54
31.006319,1314
31.006345,54
31.010683,1314
31.010714,54
31.011262,1314
31.011276,54
31.014624,1314
31.014649,54
31.015263,1314
31.015288,54
31.019298,1314
31.019334,54
31.022226,1314
31.022259,54
31.023058,1314
31.023088,54
31.023862,1314
31.023887,54
31.026455,1314
31.026487,54
31.030323,1314
31.030339,54
31.033718,1314
31.033746,54
31.034622,1314
31.034648,54
31.035235,1314
31.035259,54
31.038743,1314
31.038757,54
31.039172,1314
31.039186,54
31.042619,1314
31.042632,54
31.046185,1314
31.046198,54
31.05857,1314
31.058608,54
31.059088,1314
31.0591,54
31.059664,1314
31.059679,54
31.060309,1314
31.060341,54
31.062333,1314
31.062364,54
31.066576,55
31.066906,1314
31.066929,54
31.070348,1314
31.070377,54
31.074623,1314
31.074649,54
31.078776,1314
31.0788,54
31.083535,1314
31.083558,54
31.084337,1314
31.084359,54
31.089219,1314
31.089243,54
31.089818,1314
31.089842,54
31.098359,1314
31.098383,54
31.099308,1314
31.099333,54
31.102378,1314
31.102401,54
31.106657,1314
31.106694,54
31.111247,1314
31.111267,54
31.112056,1314
31.112073,54
31.116463,1314
31.116487,54
31.11707,1314
31.117087,54
31.120388,1314
31.120406,54
31.125028,1314
31.125046,54
31.128386,1314
31.128406,54
31.132455,1314
31.132473,54
31.137256,1314
31.137304,54
31.137451,1314
31.137472,54
31.141106,1314
31.141148,54
31.144344,1314
31.144369,54
31.148266,1314
31.148295,54
31.152436,1314
31.152464,54
31.156346,1314
31.156372,54
31.160915,1314
31.160942,54
31.16459,1314
31.164614,54
31.165494,1314
31.165495,66
31.165525,54
31.168459,1314
31.168484,54
31.173924,1314
31.173948,54
31.17453,1314
31.174553,54
31.176405,1314
31.176428,54
31.180619,1314
31.180644,54
31.184771,1314
31.184793,54
31.189329,1314
31.189376,54
31.189868,1314
31.18989,54
31.199611,1314
31.19965,54
31.202408,1314
31.202432,54
31.203002,1314
31.203026,54
31.20737,1314
31.207395,54
31.213462,1314
31.213493,54
31.214264,1314
31.214291,54
31.219343,1314
31.219385,54
31.224475,1314
31.224524,54
31.225001,1314
31.225024,54
31.228964,1314
31.228991,54
31.233973,1314
31.234,54
31.239131,1314
31.239159,54
31.240567,1314
31.24059,54
31.24463,1314
31.244654,54
31.24545,1314
31.245477,54
31.248233,1314
31.248257,54
31.252673,1314
31.2527,54
31.256368,1314
31.256393,54
31.261078,1314
31.261108,54
31.264674,1314
31.264697,54
31.265479,1314
31.265503,54
31.268785,1314
31.268814,54
31.276689,1314
31.27674,54
31.277207,1314
31.277228,54
31.281527,1314
31.281567,54
31.284628,1314
31.284651,54
31.288677,1314
31.288705,54
31.289275,1314
31.289298,54
31.292649,1314
31.292672,54
31.297487,1314
31.297512,54
31.303385,1314
31.303387,1314
31.303439,54
31.30639,1314
31.306416,54
31.310245,1314
31.310276,54
31.311067,1314
31.311086,54
31.314689,1314
31.31472,54
31.318438,1314
31.318486,54
31.322274,1314
31.322301,54
31.32282,59
31.326986,1314
31.327017,54
31.331005,1314
31.33104,54
31.334686,1314
31.334714,54
31.335524,1314
31.335549,54
31.340839,1314
31.340873,54
31.342435,1314
31.342459,54
31.346398,1314
31.346425,54
31.350447,1314
31.35047,54
31.35493,1314
31.354966,54
31.355478,1314
31.355493,54
31.359254,1314
31.359284,54
31.363469,1314
31.363504,54
31.367411,1314
31.367451,54
31.371594,1314
31.37164,54
31.375862,1314
31.375887,54
31.380468,1314
31.38047,1314
31.38051,54
31.384469,1314
31.384503,54
31.387926,1314
31.387964,54
31.392468,1314
31.392499,54
31.397468,1314
31.397468,1314
31.397499,54
31.402468,1314
31.402492,54
31.406389,1314
31.406431,54
31.406966,1314
31.406984,54
31.41191,1314
31.411955,54
31.414917,1314
31.414942,54
31.41933,1314
31.419359,54
31.42339,1314
31.423425,54
31.423972,1314
31.423983,54
31.427972,1314
31.427984,54
31.431282,1314
31.431308,54
31.431866,1314
31.431877,54
31.435558,1314
31.435581,54
31.436473,1314
31.436502,54
31.439037,1314
31.439071,54
31.441195,468
31.443207,1314
31.443231,54
31.44647,1314
31.446487,54
31.45148,1314
31.451519,54
31.452105,1314
31.452132,54
31.462272,1314
31.46231,54
31.466306,1314
31.466333,54
31.471336,1314
31.471372,54
31.475129,1314
31.475156,54
31.476194,1314
31.476225,54
31.479992,1314
31.480012,54
31.485485,1314
31.485518,54
31.49137,1314
31.491397,54
31.495196,1314
31.495219,54
31.49575,1314
31.49576,54
31.50005,1314
31.500075,54
31.5026,1314
31.502622,54
31.507093,1314
31.507119,54
31.511237,1314
31.51126,54
31.511834,1314
31.511857,54
31.516726,1314
31.516752,54
31.517327,1314
31.517351,54
31.521479,1314
31.521524,54
31.522475,1314
31.522503,54
31.525239,1314
31.525267,54
31.531038,1314
31.531073,54
31.53162,1314
31.531641,54
31.534625,1314
31.534648,54
31.538495,1314
31.538519,54
31.539297,1314
31.539321,54
31.542488,1314
31.542512,54
31.546831,1314
31.546855,54
31.551319,1314
31.551343,54
31.556731,1314
31.556783,54
31.560772,1314
31.560803,54
31.561353,1314
31.561379,54
31.56516,1314
31.565195,54
31.568642,1314
31.568679,54
31.572694,1314
31.572719,54
31.573562,1314
31.573584,54
31.576606,1314
31.57663,54
31.577135,1314
31.577159,54
31.587304,84
31.596933,654
31.600481,1314
31.600526,54
31.601117,1314
31.601141,54
31.601912,398
31.604818,1314
31.604865,54
31.608566,1314
31.608597,54
31.612557,1314
31.612582,54
31.616524,1314
31.616553,54
31.617088,1314
31.617107,54
31.621326,1314
31.62135,54
31.622583,82
31.627126,1314
31.627144,54
31.627926,1314
31.627943,54
31.63052,1314
31.630538,54
31.637482,1314
31.637542,54
31.641284,1314
31.641315,54
31.642315,1314
31.642335,54
31.648149,1314
31.648174,54
31.650522,1314
31.650542,54
31.651327,1314
31.651345,54
31.655564,1314
31.655581,54
31.658323,1314
31.658342,54
31.662431,1314
31.662455,54
31.666847,1314
31.666873,54
31.670607,1314
31.670632,54
31.674792,1314
31.674818,54
31.675395,1314
31.67542,54
31.678519,1314
31.678545,54
31.682461,1314
31.682488,54
31.686563,1314
31.686608,54
31.690375,1314
31.690423,54
31.690955,906
31.690982,54
31.694821,1314
31.694847,54
31.698617,1314
31.698647,54
31.703158,1314
31.703186,54
31.704343,1314
31.704367,54
31.706607,1314
31.706632,54
31.711639,1314
31.711666,54
31.714729,1314
31.714754,54
31.721487,1314
31.721535,54
31.722001,1314
31.722027,54
31.726505,1314
31.726531,54
31.731103,1314
31.731134,54
31.731707,1314
31.731729,54
31.735248,1314
31.735271,54
31.738752,1314
31.738779,54
31.740734,117
31.74076,54
31.740954,54
31.741984,54
31.742011,54
31.742761,1314
31.742785,54
31.764586,1314
31.764619,54
31.765415,1314
31.765439,54
31.76949,1314
31.769534,54
31.772489,1314
31.772529,54
31.776507,1314
31.776537,54
31.780873,1314
31.780901,54
31.782598,78
31.785294,1314
31.785319,54
31.792705,1314
31.792732,54
31.796387,1314
31.796412,54
31.800879,1314
31.800903,54
31.801809,1314
31.801836,54
31.802491,84
31.802526,54
31.803489,159
31.805436,1314
31.80548,54
31.808718,1314
31.808763,54
31.815683,1314
31.815714,54
31.81626,1314
31.816284,54
31.820459,1314
31.820492,54
31.82481,1314
31.824835,54
31.825435,1314
31.825458,54
31.82847,1314
31.828497,54
31.829023,83
31.834004,1314
31.834031,54
31.834593,1314
31.834615,54
31.838468,1314
31.838494,54
31.843071,1314
31.843095,54
31.846455,1314
31.846478,54
31.853787,1314
31.853834,54
31.854757,1314
31.854785,54
31.855238,1314
31.855263,54
31.858716,1314
31.858753,54
31.862493,1314
31.862526,54
31.866655,1314
31.866707,54
31.871545,1314
31.871592,54
31.87928,1314
31.879333,54
31.880002,1314
31.880031,54
31.882391,1314
31.882426,54
31.886503,1314
31.88655,54
31.893311,1314
31.893345,54
31.893893,528
31.893917,54