1,20,2,3092,3000
1,30,7,10821,1500
1,30,12,18551,1500
1,30,16,24735,3000
1,30,26,40194,1500
1,30,32,49469,1500
1,30,41,63382,3000
1,30,51,78841,3000
1,30,60,92755,3000
1,30,70,1.0821e+05,1500
1,30,83,1.2831e+05,3000
1,40,92,1.4222e+05,3000
1,40,99,1.5305e+05,3000
1,40,106,1.6387e+05,1500
1,40,115,1.7778e+05,3000
1,40,124,1.9169e+05,1500
1,40,132,2.0406e+05,3000
1,40,141,2.1797e+05,3000
1,40,146,2.257e+05,3000
1,40,156,2.4116e+05,1500
1,40,161,2.4889e+05,3000
1,40,171,2.6435e+05,1500
1,30,174,2.6899e+05,3000
1,30,181,2.7981e+05,1500
1,30,189,2.9218e+05,1500
1,30,200,3.0918e+05,1500
1,30,204,3.1537e+05,1500
1,30,212,3.2773e+05,1500
1,30,219,3.3855e+05,1500
1,30,231,3.5711e+05,1500
1,30,235,3.6329e+05,1500
1,40,243,3.7566e+05,3000
1,40,249,3.8493e+05,3000
1,40,262,4.0503e+05,1500
1,40,273,4.2203e+05,3000
1,40,281,4.344e+05,3000
1,40,292,4.5141e+05,1500
1,40,299,4.6223e+05,1500
1,40,308,4.7614e+05,3000
1,30,317,4.9005e+05,1500
1,30,322,4.9778e+05,3000
1,30,326,5.0397e+05,1500
1,30,330,5.1015e+05,1500
1,30,337,5.2097e+05,1500
1,30,340,5.2561e+05,1500
1,30,351,5.4261e+05,1500
1,30,353,5.4571e+05,3000
1,30,365,5.6426e+05,1500
1,30,375,5.7972e+05,3000
1,30,384,5.9363e+05,1500
1,30,394,6.0909e+05,1500
1,30,400,6.1836e+05,3000
1,40,410,6.3382e+05,3000
1,40,414,6.4001e+05,3000
1,40,421,6.5083e+05,1500
1,40,428,6.6165e+05,3000
1,40,438,6.7711e+05,3000
1,40,449,6.9411e+05,3000
1,40,453,7.003e+05,3000
1,30,456,7.0494e+05,1500
1,30,466,7.2039e+05,1500
1,30,475,7.3431e+05,1500
1,30,485,7.4977e+05,1500
1,30,492,7.6059e+05,1500
1,30,499,7.7141e+05,1500
1,30,509,7.8687e+05,1500
1,30,518,8.0078e+05,1500
1,30,522,8.0697e+05,3000
1,30,529,8.1779e+05,3000
1,20,539,8.3325e+05,1500
1,20,552,8.5334e+05,3000
1,20,559,8.6416e+05,3000
1,20,571,8.8271e+05,1500
1,20,578,8.9354e+05,3000
1,20,581,8.9817e+05,3000
1,30,585,9.0436e+05,1500
1,30,588,9.09e+05,1500
1,30,590,9.1209e+05,1500
1,30,593,9.1672e+05,3000
1,30,597,9.2291e+05,3000
1,30,608,9.3991e+05,1500
1,30,612,9.461e+05,3000
1,30,616,9.5228e+05,3000
1,40,620,9.5846e+05,1500
1,40,622,9.6156e+05,3000
1,40,630,9.7392e+05,3000
1,30,641,9.9093e+05,1500
1,30,651,1.0064e+06,3000
1,30,659,1.0188e+06,1500
1,30,668,1.0327e+06,3000
1,30,674,1.0419e+06,1500
1,30,685,1.0589e+06,3000
1,30,692,1.0698e+06,1500
1,30,701,1.0837e+06,1500
1,30,706,1.0914e+06,3000
1,30,713,1.1022e+06,1500
1,30,725,1.1208e+06,1500
1,30,734,1.1347e+06,3000
1,40,741,1.1455e+06,1500
1,40,749,1.1579e+06,1500
1,30,757,1.1703e+06,1500
1,30,761,1.1764e+06,3000
1,30,768,1.1873e+06,3000
1,30,774,1.1965e+06,3000
1,30,786,1.2151e+06,3000
1,30,795,1.229e+06,3000
1,30,801,1.2383e+06,3000
1,30,808,1.2491e+06,3000
1,30,813,1.2568e+06,3000
1,40,820,1.2676e+06,3000
1,40,828,1.28e+06,1500
1,40,841,1.3001e+06,3000
1,40,855,1.3218e+06,3000
1,40,868,1.3418e+06,1500
1,40,876,1.3542e+06,3000
1,40,880,1.3604e+06,3000
1,30,890,1.3759e+06,3000
1,30,898,1.3882e+06,3000
1,30,905,1.399e+06,3000
1,30,916,1.4161e+06,1500
1,30,925,1.43e+06,1500
1,30,928,1.4346e+06,1500
1,20,935,1.4454e+06,3000
1,20,944,1.4593e+06,3000
1,20,949,1.4671e+06,3000
1,20,953,1.4733e+06,3000
1,20,961,1.4856e+06,3000
1,20,966,1.4933e+06,1500
1,20,973,1.5042e+06,1500
1,20,979,1.5134e+06,1500
1,20,983,1.5196e+06,1500
1,20,991,1.532e+06,3000
1,20,996,1.5397e+06,3000
1,20,1009,1.5598e+06,1500
1,20,1018,1.5737e+06,1500
1,20,1029,1.5907e+06,1500
1,30,1038,1.6047e+06,1500
1,30,1046,1.617e+06,3000
1,30,1056,1.6325e+06,1500
1,30,1067,1.6495e+06,3000
1,30,1078,1.6665e+06,3000
1,30,1088,1.6819e+06,1500
1,30,1101,1.702e+06,1500
1,40,1105,1.7082e+06,3000
1,40,1115,1.7237e+06,1500
1,40,1122,1.7345e+06,3000
1,40,1133,1.7515e+06,3000
1,40,1141,1.7639e+06,1500
1,40,1148,1.7747e+06,1500
1,40,1155,1.7855e+06,1500
1,40,1163,1.7979e+06,1500
1,40,1165,1.801e+06,3000
1,30,1175,1.8164e+06,1500
1,30,1183,1.8288e+06,1500
1,30,1190,1.8396e+06,3000
1,30,1194,1.8458e+06,1500
1,30,1202,1.8582e+06,3000
1,30,1211,1.8721e+06,1500
1,30,1222,1.8891e+06,1500
1,30,1230,1.9015e+06,3000
1,30,1236,1.9107e+06,1500
1,40,1243,1.9216e+06,1500
1,40,1253,1.937e+06,1500
1,40,1266,1.9571e+06,1500
1,40,1277,1.9741e+06,1500
1,40,1287,1.9896e+06,3000
1,40,1293,1.9989e+06,1500
1,40,1300,2.0097e+06,1500
1,40,1308,2.022e+06,3000
1,40,1316,2.0344e+06,3000
1,40,1327,2.0514e+06,3000
1,30,1339,2.07e+06,1500
1,30,1347,2.0823e+06,1500
1,30,1359,2.1009e+06,3000
1,30,1367,2.1133e+06,1500
1,30,1371,2.1194e+06,1500
1,30,1379,2.1318e+06,1500
1,30,1384,2.1395e+06,3000
1,30,1397,2.1596e+06,1500
1,30,1402,2.1674e+06,3000
1,30,1413,2.1844e+06,3000
1,40,1420,2.1952e+06,1500
1,40,1428,2.2076e+06,3000
1,40,1442,2.2292e+06,1500
1,40,1447,2.2369e+06,3000
1,40,1452,2.2447e+06,1500
1,40,1455,2.2493e+06,3000
1,30,1461,2.2586e+06,3000
1,30,1468,2.2694e+06,3000
1,30,1471,2.274e+06,1500
1,30,1474,2.2787e+06,1500
1,30,1479,2.2864e+06,1500
1,30,1487,2.2988e+06,3000
1,30,1494,2.3096e+06,1500
1,30,1503,2.3235e+06,1500
1,30,1512,2.3374e+06,1500
1,30,1518,2.3467e+06,3000
1,20,1525,2.3575e+06,1500
1,20,1538,2.3776e+06,1500
1,20,1545,2.3884e+06,3000
1,20,1552,2.3993e+06,3000
1,20,1563,2.4163e+06,1500
1,20,1571,2.4286e+06,3000
1,20,1581,2.4441e+06,3000
1,20,1590,2.458e+06,1500
1,20,1599,2.4719e+06,1500
1,20,1604,2.4796e+06,1500
1,20,1606,2.4827e+06,3000
1,20,1612,2.492e+06,1500
1,20,1615,2.4966e+06,1500
1,20,1621,2.5059e+06,1500
1,20,1625,2.5121e+06,3000
1,30,1631,2.5214e+06,1500
1,30,1644,2.5415e+06,1500
1,30,1646,2.5446e+06,1500
1,30,1652,2.5538e+06,3000
1,30,1658,2.5631e+06,3000
1,30,1665,2.5739e+06,1500
1,30,1670,2.5817e+06,3000
1,30,1680,2.5971e+06,1500
1,30,1691,2.6141e+06,3000
1,40,1703,2.6327e+06,1500
1,40,1707,2.6389e+06,1500
1,40,1715,2.6512e+06,1500
1,40,1723,2.6636e+06,1500
1,40,1736,2.6837e+06,1500
1,40,1743,2.6945e+06,3000
1,40,1757,2.7162e+06,1500
1,40,1766,2.7301e+06,1500
1,40,1775,2.744e+06,3000
1,40,1780,2.7517e+06,3000
1,30,1786,2.761e+06,3000
1,30,1793,2.7718e+06,3000
1,30,1805,2.7904e+06,3000
1,30,1810,2.7981e+06,1500
1,30,1822,2.8166e+06,3000
1,30,1830,2.829e+06,1500
1,30,1832,2.8321e+06,1500
1,40,1841,2.846e+06,1500
1,40,1843,2.8491e+06,1500
1,40,1846,2.8537e+06,1500
1,40,1853,2.8646e+06,3000
1,40,1856,2.8692e+06,3000
1,40,1866,2.8847e+06,3000
1,40,1879,2.9048e+06,3000
1,40,1885,2.914e+06,1500
1,40,1898,2.9341e+06,3000
1,30,1906,2.9465e+06,3000
1,30,1909,2.9511e+06,3000
1,30,1919,2.9666e+06,3000
1,30,1925,2.9759e+06,3000
1,30,1930,2.9836e+06,1500
1,30,1937,2.9944e+06,3000
1,30,1947,3.0099e+06,3000
1,40,1960,3.03e+06,1500
1,40,1973,3.0501e+06,3000
1,40,1982,3.064e+06,1500
1,40,1991,3.0779e+06,1500
1,40,1998,3.0887e+06,3000
1,40,2006,3.1011e+06,3000
1,40,2013,3.1119e+06,3000
1,40,2018,3.1196e+06,1500
1,40,2027,3.1336e+06,3000
1,30,2035,3.1459e+06,3000
1,30,2043,3.1583e+06,1500
1,30,2052,3.1722e+06,3000
1,30,2058,3.1815e+06,1500
1,30,2065,3.1923e+06,1500
1,30,2072,3.2031e+06,1500
1,30,2079,3.2139e+06,1500
1,30,2091,3.2325e+06,1500
1,30,2098,3.2433e+06,3000
1,20,2110,3.2619e+06,3000
1,20,2119,3.2758e+06,1500
1,20,2121,3.2789e+06,3000
1,20,2126,3.2866e+06,3000
1,20,2136,3.3021e+06,3000
1,20,2149,3.3222e+06,1500
1,20,2159,3.3376e+06,3000
1,20,2171,3.3562e+06,1500
1,20,2182,3.3732e+06,3000
1,30,2191,3.3871e+06,1500
1,30,2200,3.401e+06,1500
1,30,2212,3.4196e+06,1500
1,30,2222,3.435e+06,3000
1,30,2225,3.4396e+06,1500
1,30,2238,3.4597e+06,1500
1,30,2241,3.4644e+06,1500
1,40,2247,3.4737e+06,3000
1,40,2256,3.4876e+06,3000
1,40,2259,3.4922e+06,3000
1,40,2272,3.5123e+06,3000
1,40,2285,3.5324e+06,3000
1,40,2296,3.5494e+06,1500
1,40,2307,3.5664e+06,3000
1,40,2318,3.5834e+06,1500
1,40,2326,3.5958e+06,3000
1,30,2331,3.6035e+06,1500
1,30,2337,3.6128e+06,1500
1,30,2347,3.6282e+06,1500
1,30,2359,3.6468e+06,3000
1,30,2369,3.6623e+06,1500
1,30,2380,3.6793e+06,1500
1,30,2387,3.6901e+06,3000
1,30,2397,3.7055e+06,1500
1,30,2410,3.7256e+06,1500
1,30,2423,3.7457e+06,3000
1,40,2435,3.7643e+06,3000
1,40,2439,3.7705e+06,3000
1,40,2449,3.7859e+06,1500
1,40,2456,3.7968e+06,3000
1,40,2465,3.8107e+06,3000
1,40,2473,3.823e+06,3000
1,40,2478,3.8308e+06,3000
1,30,2486,3.8431e+06,3000
1,30,2489,3.8478e+06,1500
1,30,2501,3.8663e+06,3000
1,40,2515,3.888e+06,3000
1,40,2522,3.8988e+06,3000
1,40,2533,3.9158e+06,3000
1,40,2543,3.9312e+06,3000
1,40,2552,3.9452e+06,3000
1,40,2558,3.9544e+06,3000
1,40,2568,3.9699e+06,3000
1,30,2580,3.9884e+06,1500
1,30,2583,3.9931e+06,1500
1,30,2596,4.0132e+06,3000
1,30,2610,4.0348e+06,1500
1,30,2623,4.0549e+06,1500
1,30,2630,4.0657e+06,1500
1,30,2639,4.0797e+06,3000
1,30,2643,4.0858e+06,3000
1,30,2652,4.0998e+06,3000
1,20,2662,4.1152e+06,3000
1,20,2669,4.126e+06,1500
1,20,2678,4.1399e+06,1500
1,20,2681,4.1446e+06,3000
1,20,2692,4.1616e+06,1500
1,20,2701,4.1755e+06,1500
1,20,2712,4.1925e+06,3000
1,20,2722,4.208e+06,3000
1,20,2734,4.2265e+06,1500
1,20,2744,4.242e+06,3000
1,20,2752,4.2543e+06,1500
1,30,2764,4.2729e+06,3000
1,30,2774,4.2884e+06,1500
1,30,2783,4.3023e+06,3000
1,30,2790,4.3131e+06,3000
1,30,2804,4.3347e+06,3000
1,30,2811,4.3456e+06,3000
1,30,2820,4.3595e+06,3000
1,40,2833,4.3796e+06,1500
1,40,2841,4.3919e+06,1500
1,40,2844,4.3966e+06,1500
1,40,2846,4.3997e+06,1500
1,40,2855,4.4136e+06,3000
1,40,2868,4.4337e+06,1500
1,40,2878,4.4491e+06,3000
1,40,2888,4.4646e+06,3000
1,40,2901,4.4847e+06,3000
1,40,2911,4.5001e+06,1500
1,40,2914,4.5048e+06,1500
1,40,2923,4.5187e+06,3000
1,40,2930,4.5295e+06,3000
1,40,2937,4.5403e+06,1500
1,40,2942,4.5481e+06,1500
1,40,2946,4.5542e+06,1500
1,40,2953,4.5651e+06,3000
1,40,2957,4.5713e+06,3000
1,30,2971,4.5929e+06,1500
1,30,2978,4.6037e+06,1500
1,30,2982,4.6099e+06,3000
1,30,2991,4.6238e+06,1500
1,30,2993,4.6269e+06,3000
1,30,3001,4.6393e+06,1500
1,30,3013,4.6578e+06,3000
1,30,3027,4.6795e+06,3000
1,40,3033,4.6887e+06,3000
1,40,3044,4.7057e+06,3000
1,40,3050,4.715e+06,3000
1,40,3063,4.7351e+06,1500
1,40,3072,4.749e+06,1500
1,40,3081,4.7629e+06,1500
1,40,3085,4.7691e+06,1500
1,40,3091,4.7784e+06,1500
1,40,3094,4.783e+06,3000
1,40,3106,4.8016e+06,1500
1,40,3112,4.8109e+06,3000
1,40,3125,4.831e+06,3000
1,40,3134,4.8449e+06,3000
1,40,3141,4.8557e+06,3000
1,40,3149,4.8681e+06,1500
1,30,3151,4.8712e+06,1500
1,30,3160,4.8851e+06,1500
1,30,3170,4.9005e+06,1500
1,30,3175,4.9083e+06,3000
1,30,3185,4.9237e+06,3000
1,40,3196,4.9407e+06,1500
1,40,3205,4.9546e+06,3000
1,40,3208,4.9593e+06,1500
1,40,3218,4.9747e+06,3000
1,40,3229,4.9917e+06,1500
1,40,3235,5.001e+06,3000
1,40,3238,5.0057e+06,1500
1,40,3246,5.018e+06,3000
1,40,3254,5.0304e+06,1500
1,30,3263,5.0443e+06,3000
1,30,3276,5.0644e+06,1500
1,30,3282,5.0737e+06,1500
1,30,3288,5.0829e+06,1500
1,30,3294,5.0922e+06,3000
1,30,3299,5.1e+06,3000
1,20,3307,5.1123e+06,3000
1,20,3314,5.1231e+06,3000
1,20,3321,5.134e+06,1500
1,20,3333,5.1525e+06,3000
1,20,3341,5.1649e+06,3000
1,20,3348,5.1757e+06,3000
1,20,3357,5.1896e+06,1500
1,20,3369,5.2082e+06,3000
1,20,3375,5.2174e+06,3000
1,20,3388,5.2375e+06,1500
1,20,3393,5.2453e+06,3000
1,20,3402,5.2592e+06,1500
1,20,3410,5.2716e+06,1500
1,30,3419,5.2855e+06,1500
1,30,3429,5.3009e+06,1500
1,30,3436,5.3117e+06,3000
1,30,3446,5.3272e+06,1500
1,30,3457,5.3442e+06,3000
1,30,3460,5.3488e+06,3000
1,30,3464,5.355e+06,3000
1,30,3473,5.3689e+06,1500
1,30,3483,5.3844e+06,1500
1,30,3490,5.3952e+06,1500
1,30,3501,5.4122e+06,1500
1,30,3510,5.4261e+06,3000
1,40,3513,5.4308e+06,3000
1,40,3526,5.4509e+06,3000
1,40,3533,5.4617e+06,1500
1,40,3539,5.471e+06,3000
1,40,3547,5.4833e+06,1500
1,40,3558,5.5003e+06,1500
1,40,3571,5.5204e+06,1500
1,40,3579,5.5328e+06,1500
1,40,3588,5.5467e+06,3000
1,30,3595,5.5575e+06,3000
1,30,3606,5.5745e+06,3000
1,30,3616,5.59e+06,3000
1,30,3626,5.6055e+06,1500
1,30,3630,5.6117e+06,3000
1,30,3639,5.6256e+06,3000
1,30,3649,5.641e+06,3000
1,30,3653,5.6472e+06,1500
1,30,3663,5.6627e+06,1500
1,30,3667,5.6688e+06,1500
1,40,3674,5.6797e+06,3000
1,40,3682,5.692e+06,1500
1,40,3690,5.7044e+06,1500
1,40,3698,5.7168e+06,1500
1,40,3705,5.7276e+06,1500
1,40,3711,5.7369e+06,3000
1,40,3724,5.757e+06,1500
1,40,3734,5.7724e+06,3000
1,40,3741,5.7832e+06,1500
1,40,3751,5.7987e+06,3000
1,40,3758,5.8095e+06,3000
1,40,3765,5.8203e+06,3000
1,40,3771,5.8296e+06,1500
1,40,3774,5.8343e+06,3000
1,30,3778,5.8404e+06,1500
1,30,3784,5.8497e+06,1500
1,30,3797,5.8698e+06,3000
1,30,3802,5.8775e+06,1500
1,30,3810,5.8899e+06,3000
1,30,3817,5.9007e+06,1500
1,30,3824,5.9116e+06,1500
1,30,3833,5.9255e+06,3000
1,40,3840,5.9363e+06,1500
1,40,3847,5.9471e+06,1500
1,40,3854,5.9579e+06,1500
1,40,3856,5.961e+06,3000
1,40,3865,5.9749e+06,3000
1,40,3876,5.9919e+06,3000
1,40,3887,6.0089e+06,3000
1,40,3899,6.0275e+06,1500
1,40,3911,6.0461e+06,3000
1,30,3914,6.0507e+06,1500
1,30,3924,6.0661e+06,1500
1,30,3932,6.0785e+06,1500
1,30,3935,6.0832e+06,3000
1,30,3943,6.0955e+06,3000
1,20,3956,6.1156e+06,3000
1,20,3968,6.1342e+06,3000
1,20,3978,6.1496e+06,1500
1,20,3989,6.1666e+06,3000
1,20,4000,6.1836e+06,1500
1,20,4006,6.1929e+06,1500
1,20,4009,6.1976e+06,3000
1,20,4016,6.2084e+06,1500
1,20,4024,6.2207e+06,3000
1,20,4029,6.2285e+06,3000
1,20,4038,6.2424e+06,3000
1,20,4044,6.2517e+06,1500
1,20,4051,6.2625e+06,3000
1,20,4061,6.2779e+06,3000
1,20,4065,6.2841e+06,1500
1,20,4067,6.2872e+06,3000
1,30,4073,6.2965e+06,3000
1,30,4082,6.3104e+06,1500
1,30,4086,6.3166e+06,1500
1,30,4090,6.3228e+06,1500
1,30,4102,6.3413e+06,1500
1,30,4107,6.349e+06,3000
1,40,4112,6.3568e+06,1500
1,40,4122,6.3722e+06,3000
1,40,4127,6.38e+06,3000
1,40,4133,6.3892e+06,3000
1,30,4144,6.4062e+06,1500
1,30,4150,6.4155e+06,3000
1,30,4161,6.4325e+06,1500
1,30,4164,6.4372e+06,1500
1,30,4170,6.4464e+06,1500
1,30,4182,6.465e+06,1500
1,30,4190,6.4774e+06,1500
1,30,4196,6.4866e+06,3000
1,40,4205,6.5005e+06,1500
1,40,4208,6.5052e+06,3000
1,30,4215,6.516e+06,1500
1,30,4223,6.5284e+06,1500
1,30,4232,6.5423e+06,3000
1,30,4235,6.5469e+06,1500
1,30,4238,6.5516e+06,3000
1,40,4242,6.5577e+06,1500
1,40,4249,6.5686e+06,1500
1,40,4258,6.5825e+06,3000
1,40,4266,6.5948e+06,1500
1,40,4274,6.6072e+06,3000
1,30,4283,6.6211e+06,1500
1,30,4286,6.6258e+06,1500
1,30,4297,6.6428e+06,1500
1,30,4310,6.6629e+06,3000
1,30,4314,6.6691e+06,3000
1,30,4318,6.6752e+06,3000
1,30,4326,6.6876e+06,3000
1,30,4338,6.7062e+06,1500
1,20,4340,6.7092e+06,3000
1,20,4351,6.7263e+06,3000
1,20,4358,6.7371e+06,1500
1,20,4365,6.7479e+06,3000
1,20,4372,6.7587e+06,1500
1,20,4377,6.7664e+06,3000
1,20,4389,6.785e+06,1500
1,20,4402,6.8051e+06,3000
1,20,4415,6.8252e+06,3000
1,20,4425,6.8406e+06,1500
1,20,4437,6.8592e+06,3000
1,20,4450,6.8793e+06,3000
1,20,4459,6.8932e+06,3000
1,20,4470,6.9102e+06,3000
1,20,4478,6.9226e+06,1500
1,20,4484,6.9319e+06,1500
1,20,4495,6.9489e+06,3000
1,20,4499,6.955e+06,1500
1,20,4509,6.9705e+06,3000
1,20,4518,6.9844e+06,1500
1,20,4523,6.9921e+06,1500
1,20,4536,7.0122e+06,3000
1,20,4542,7.0215e+06,3000
1,20,4546,7.0277e+06,3000
1,30,4551,7.0354e+06,3000
1,30,4563,7.054e+06,1500
1,30,4571,7.0664e+06,3000
1,30,4578,7.0772e+06,1500
1,30,4585,7.088e+06,3000
1,30,4598,7.1081e+06,3000
1,30,4607,7.122e+06,1500
1,30,4615,7.1344e+06,1500
1,30,4625,7.1498e+06,1500
1,30,4633,7.1622e+06,3000
1,30,4645,7.1807e+06,1500
1,30,4655,7.1962e+06,1500
1,40,4663,7.2086e+06,1500
1,40,4668,7.2163e+06,1500
1,40,4678,7.2318e+06,3000
1,40,4686,7.2441e+06,1500
1,40,4694,7.2565e+06,3000
1,40,4704,7.272e+06,3000
1,40,4716,7.2905e+06,1500
1,40,4724,7.3029e+06,3000
1,40,4735,7.3199e+06,3000
1,40,4742,7.3307e+06,1500
1,40,4754,7.3493e+06,3000
1,40,4757,7.3539e+06,1500
1,40,4768,7.3709e+06,1500
1,40,4774,7.3802e+06,1500
1,30,4783,7.3941e+06,3000
1,30,4789,7.4034e+06,3000
1,30,4799,7.4188e+06,3000
1,30,4812,7.4389e+06,1500
1,30,4819,7.4497e+06,3000
1,30,4823,7.4559e+06,3000
1,30,4828,7.4636e+06,1500
1,30,4838,7.4791e+06,3000
1,30,4851,7.4992e+06,1500
1,40,4859,7.5116e+06,3000
1,30,4866,7.5224e+06,1500
1,30,4873,7.5332e+06,1500
1,30,4875,7.5363e+06,1500
1,30,4883,7.5487e+06,1500
1,30,4890,7.5595e+06,1500
1,30,4898,7.5719e+06,1500
1,30,4900,7.575e+06,3000
1,30,4910,7.5904e+06,1500
1,30,4915,7.5981e+06,1500
1,30,4921,7.6074e+06,1500
1,30,4933,7.626e+06,3000
1,30,4941,7.6383e+06,3000
1,40,4948,7.6492e+06,3000
1,40,4958,7.6646e+06,3000
1,40,4964,7.6739e+06,1500
1,40,4971,7.6847e+06,1500
1,40,4978,7.6955e+06,1500
1,40,4983,7.7033e+06,1500
1,40,4990,7.7141e+06,1500
1,40,4998,7.7265e+06,3000
1,40,5004,7.7357e+06,1500
1,40,5009,7.7435e+06,3000
1,30,5019,7.7589e+06,1500
1,30,5028,7.7728e+06,1500
1,30,5034,7.7821e+06,3000
1,30,5047,7.8022e+06,3000
1,20,5061,7.8238e+06,3000
1,20,5068,7.8347e+06,1500
1,20,5078,7.8501e+06,3000
1,20,5088,7.8656e+06,1500
1,20,5095,7.8764e+06,1500
1,20,5097,7.8795e+06,3000
1,20,5109,7.8981e+06,1500
1,20,5117,7.9104e+06,3000
2,10,1,1546,1500
2,10,5,7730,1500
2,10,16,24735,1500
2,10,20,30918,1500
2,10,29,44831,1500
2,10,32,49469,3000
2,10,39,60290,3000
2,10,47,72658,1500
2,10,56,86571,3000
2,10,65,1.0048e+05,3000
2,10,77,1.1904e+05,1500
2,10,86,1.3295e+05,3000
2,10,92,1.4222e+05,3000
2,10,103,1.5923e+05,3000
2,10,108,1.6696e+05,3000
2,10,111,1.716e+05,1500
2,10,116,1.7933e+05,1500
2,10,126,1.9479e+05,3000
2,10,130,2.0097e+05,1500
2,10,138,2.1334e+05,1500
2,10,143,2.2107e+05,3000
2,10,148,2.288e+05,1500
2,10,157,2.4271e+05,3000
2,10,167,2.5817e+05,3000
2,10,174,2.6899e+05,3000
2,10,180,2.7826e+05,1500
2,10,185,2.8599e+05,3000
2,10,192,2.9682e+05,1500
2,10,199,3.0764e+05,1500
2,10,206,3.1846e+05,3000
2,10,214,3.3083e+05,3000
2,10,220,3.401e+05,3000
2,10,229,3.5401e+05,1500
2,10,234,3.6174e+05,1500
2,10,242,3.7411e+05,1500
2,10,245,3.7875e+05,1500
2,10,249,3.8493e+05,1500
2,10,258,3.9885e+05,3000
2,10,269,4.1585e+05,3000
2,10,276,4.2667e+05,1500
2,10,285,4.4058e+05,1500
2,10,288,4.4522e+05,1500
2,10,297,4.5914e+05,3000
2,10,304,4.6996e+05,1500
2,10,314,4.8542e+05,1500
2,10,318,4.916e+05,3000
2,10,327,5.0551e+05,1500
2,10,329,5.086e+05,3000
2,10,339,5.2406e+05,3000
2,10,343,5.3025e+05,3000
2,10,349,5.3952e+05,3000
2,10,359,5.5498e+05,3000
2,10,369,5.7044e+05,1500
2,10,374,5.7817e+05,3000
2,10,382,5.9054e+05,3000
2,10,392,6.06e+05,1500
2,10,399,6.1682e+05,1500
2,10,406,6.2764e+05,3000
2,10,411,6.3537e+05,3000
2,10,415,6.4155e+05,3000
2,10,421,6.5083e+05,1500
2,10,430,6.6474e+05,3000
2,10,438,6.7711e+05,3000
2,10,449,6.9411e+05,1500
2,10,458,7.0803e+05,1500
2,10,469,7.2503e+05,3000
2,10,475,7.3431e+05,3000
2,10,487,7.5286e+05,3000
2,10,492,7.6059e+05,3000
2,10,497,7.6832e+05,3000
2,10,505,7.8068e+05,1500
2,10,509,7.8687e+05,3000
2,10,514,7.946e+05,3000
2,10,520,8.0387e+05,1500
2,10,525,8.116e+05,3000
2,10,530,8.1933e+05,3000
2,10,534,8.2552e+05,3000
2,10,543,8.3943e+05,1500
2,10,549,8.487e+05,3000
2,10,555,8.5798e+05,3000
2,10,564,8.7189e+05,3000
2,10,570,8.8117e+05,3000
2,10,577,8.9199e+05,3000
2,10,584,9.0281e+05,1500
2,10,595,9.1982e+05,3000
2,10,606,9.3682e+05,1500
2,10,610,9.4301e+05,3000
2,10,621,9.6001e+05,3000
2,10,633,9.7856e+05,1500
2,10,641,9.9093e+05,3000
2,10,647,1.0002e+06,3000
2,10,650,1.0048e+06,3000
2,10,658,1.0172e+06,1500
2,10,663,1.0249e+06,1500
2,10,668,1.0327e+06,1500
2,10,672,1.0389e+06,3000
2,10,679,1.0497e+06,1500
2,10,687,1.062e+06,1500
2,10,689,1.0651e+06,1500
2,10,693,1.0713e+06,3000
2,10,697,1.0775e+06,1500
2,10,702,1.0852e+06,1500
2,10,704,1.0883e+06,1500
2,10,708,1.0945e+06,3000
2,10,715,1.1053e+06,3000
2,10,725,1.1208e+06,1500
2,10,732,1.1316e+06,1500
2,10,741,1.1455e+06,3000
2,10,750,1.1594e+06,3000
2,10,754,1.1656e+06,3000
2,10,761,1.1764e+06,3000
2,10,770,1.1904e+06,1500
2,10,776,1.1996e+06,1500
2,10,780,1.2058e+06,3000
2,10,789,1.2197e+06,3000
2,10,794,1.2275e+06,3000
2,10,799,1.2352e+06,1500
2,10,805,1.2445e+06,3000
2,10,813,1.2568e+06,1500
2,10,824,1.2738e+06,1500
2,10,829,1.2816e+06,3000
2,10,834,1.2893e+06,3000
2,10,839,1.297e+06,3000
2,10,850,1.314e+06,3000
2,10,855,1.3218e+06,1500
2,10,860,1.3295e+06,3000
2,10,868,1.3418e+06,3000
2,10,876,1.3542e+06,1500
2,10,878,1.3573e+06,3000
2,10,883,1.365e+06,1500
2,10,891,1.3774e+06,1500
2,10,894,1.382e+06,1500
2,10,899,1.3898e+06,3000
2,10,910,1.4068e+06,3000
2,10,921,1.4238e+06,3000
2,10,931,1.4392e+06,3000
2,10,936,1.447e+06,1500
2,10,945,1.4609e+06,1500
2,10,948,1.4655e+06,1500
2,10,956,1.4779e+06,1500
2,10,964,1.4903e+06,3000
2,10,973,1.5042e+06,1500
2,10,978,1.5119e+06,1500
2,10,982,1.5181e+06,1500
2,10,993,1.5351e+06,1500
2,10,997,1.5413e+06,3000
2,10,1002,1.549e+06,1500
2,10,1012,1.5645e+06,3000
2,10,1024,1.583e+06,3000
2,10,1033,1.5969e+06,1500
2,10,1040,1.6077e+06,1500
2,10,1049,1.6217e+06,3000
2,10,1055,1.6309e+06,3000
2,10,1065,1.6464e+06,1500
2,10,1069,1.6526e+06,3000
2,10,1074,1.6603e+06,3000
2,10,1080,1.6696e+06,1500
2,10,1089,1.6835e+06,3000
2,10,1095,1.6928e+06,1500
2,10,1102,1.7036e+06,1500
2,10,1107,1.7113e+06,1500
2,10,1111,1.7175e+06,1500
2,10,1115,1.7237e+06,1500
2,10,1119,1.7299e+06,3000
2,10,1128,1.7438e+06,3000
2,10,1136,1.7562e+06,1500
2,10,1145,1.7701e+06,1500
2,10,1155,1.7855e+06,1500
2,10,1159,1.7917e+06,1500
2,10,1164,1.7994e+06,3000
2,10,1170,1.8087e+06,3000
2,10,1179,1.8226e+06,1500
2,10,1190,1.8396e+06,1500
2,10,1196,1.8489e+06,3000
2,10,1203,1.8597e+06,3000
2,10,1207,1.8659e+06,3000
2,10,1210,1.8706e+06,3000
2,10,1216,1.8798e+06,3000
2,10,1228,1.8984e+06,3000
2,10,1239,1.9154e+06,3000
2,10,1243,1.9216e+06,3000
2,10,1248,1.9293e+06,3000
2,10,1256,1.9417e+06,3000
2,10,1266,1.9571e+06,3000
2,10,1278,1.9757e+06,3000
2,10,1285,1.9865e+06,3000
2,10,1293,1.9989e+06,1500
2,10,1299,2.0081e+06,3000
2,10,1306,2.019e+06,1500
2,10,1313,2.0298e+06,3000
2,10,1316,2.0344e+06,1500
2,10,1324,2.0468e+06,3000
2,10,1332,2.0592e+06,1500
2,10,1343,2.0762e+06,3000
2,10,1349,2.0854e+06,1500
2,10,1353,2.0916e+06,3000
2,10,1363,2.1071e+06,3000
2,10,1366,2.1117e+06,1500
2,10,1371,2.1194e+06,3000
2,10,1377,2.1287e+06,1500
2,10,1379,2.1318e+06,1500
2,10,1383,2.138e+06,1500
2,10,1390,2.1488e+06,3000
2,10,1400,2.1643e+06,3000
2,10,1403,2.1689e+06,3000
2,10,1408,2.1766e+06,1500
2,10,1415,2.1875e+06,1500
2,10,1417,2.1906e+06,3000
2,10,1426,2.2045e+06,1500
2,10,1435,2.2184e+06,1500
2,10,1437,2.2215e+06,1500
2,10,1446,2.2354e+06,1500
2,10,1449,2.24e+06,3000
2,10,1461,2.2586e+06,3000
2,10,1471,2.274e+06,3000
2,10,1481,2.2895e+06,1500
2,10,1487,2.2988e+06,1500
2,10,1494,2.3096e+06,3000
2,10,1503,2.3235e+06,3000
2,10,1510,2.3343e+06,3000
2,10,1522,2.3529e+06,3000
2,10,1531,2.3668e+06,3000
2,10,1534,2.3714e+06,1500
2,10,1539,2.3792e+06,3000
2,10,1544,2.3869e+06,3000
2,10,1547,2.3915e+06,1500
2,10,1554,2.4023e+06,1500
2,10,1564,2.4178e+06,1500
2,10,1573,2.4317e+06,3000
2,10,1579,2.441e+06,3000
2,10,1590,2.458e+06,1500
2,10,1596,2.4673e+06,1500
2,10,1601,2.475e+06,1500
2,10,1608,2.4858e+06,1500
2,10,1619,2.5028e+06,3000
2,10,1624,2.5106e+06,3000
2,10,1634,2.526e+06,3000
2,10,1645,2.543e+06,3000
2,10,1655,2.5585e+06,3000
2,10,1667,2.577e+06,3000
2,10,1676,2.5909e+06,3000
2,10,1683,2.6018e+06,3000
2,10,1691,2.6141e+06,1500
2,10,1697,2.6234e+06,1500
2,10,1706,2.6373e+06,1500
2,10,1714,2.6497e+06,3000
2,10,1724,2.6651e+06,3000
2,10,1736,2.6837e+06,1500
2,10,1742,2.693e+06,3000
2,10,1745,2.6976e+06,1500
2,10,1755,2.7131e+06,3000
2,10,1766,2.7301e+06,3000
2,10,1773,2.7409e+06,3000
2,10,1779,2.7502e+06,3000
2,10,1785,2.7594e+06,1500
2,10,1792,2.7703e+06,3000
2,10,1798,2.7795e+06,3000
2,10,1807,2.7935e+06,1500
2,10,1817,2.8089e+06,1500
2,10,1828,2.8259e+06,3000
2,10,1833,2.8337e+06,1500
2,10,1842,2.8476e+06,1500
2,10,1851,2.8615e+06,1500
2,10,1853,2.8646e+06,3000
2,10,1857,2.8708e+06,1500
2,10,1866,2.8847e+06,1500
2,10,1870,2.8909e+06,1500
2,10,1875,2.8986e+06,1500
2,10,1879,2.9048e+06,3000
2,10,1889,2.9202e+06,3000
2,10,1897,2.9326e+06,1500
2,10,1906,2.9465e+06,1500
2,10,1915,2.9604e+06,3000
2,10,1923,2.9728e+06,1500
2,10,1931,2.9852e+06,3000
2,10,1938,2.996e+06,3000
2,10,1946,3.0083e+06,1500
2,10,1953,3.0192e+06,3000
2,10,1965,3.0377e+06,3000
2,10,1972,3.0485e+06,1500
2,10,1974,3.0516e+06,1500
2,10,1985,3.0686e+06,3000
2,10,1994,3.0825e+06,1500
2,10,1999,3.0903e+06,3000
2,10,2003,3.0965e+06,3000
2,10,2015,3.115e+06,3000
2,10,2018,3.1196e+06,3000
2,10,2025,3.1305e+06,1500
2,10,2032,3.1413e+06,1500
2,10,2038,3.1506e+06,3000
2,10,2041,3.1552e+06,3000
2,10,2048,3.166e+06,1500
2,10,2055,3.1768e+06,1500
2,10,2065,3.1923e+06,3000
2,10,2069,3.1985e+06,1500
2,10,2076,3.2093e+06,1500
2,10,2083,3.2201e+06,1500
2,10,2091,3.2325e+06,3000
2,10,2099,3.2449e+06,1500
2,10,2106,3.2557e+06,3000
2,10,2112,3.265e+06,1500
2,10,2119,3.2758e+06,1500
2,10,2125,3.2851e+06,1500
2,10,2130,3.2928e+06,1500
2,10,2139,3.3067e+06,1500
2,10,2147,3.3191e+06,1500
2,10,2154,3.3299e+06,3000
2,10,2159,3.3376e+06,3000
2,10,2164,3.3453e+06,1500
2,10,2170,3.3546e+06,3000
2,10,2179,3.3685e+06,1500
2,10,2188,3.3824e+06,3000
2,10,2195,3.3933e+06,1500
2,10,2206,3.4103e+06,3000
2,10,2212,3.4196e+06,3000
2,10,2218,3.4288e+06,1500
2,10,2227,3.4427e+06,3000
2,10,2239,3.4613e+06,3000
2,10,2250,3.4783e+06,3000
2,10,2256,3.4876e+06,3000
2,10,2268,3.5061e+06,1500
2,10,2271,3.5108e+06,3000
2,10,2280,3.5247e+06,3000
2,10,2286,3.5339e+06,3000
2,10,2297,3.551e+06,1500
2,10,2306,3.5649e+06,1500
2,10,2314,3.5772e+06,1500
2,10,2320,3.5865e+06,3000
2,10,2329,3.6004e+06,1500
2,10,2336,3.6112e+06,3000
2,10,2341,3.619e+06,1500
2,10,2347,3.6282e+06,3000
2,10,2350,3.6329e+06,3000
2,10,2360,3.6483e+06,3000
2,10,2368,3.6607e+06,3000
2,10,2371,3.6654e+06,3000
2,10,2381,3.6808e+06,3000
2,10,2389,3.6932e+06,3000
2,10,2394,3.7009e+06,3000
2,10,2401,3.7117e+06,3000
2,10,2410,3.7256e+06,1500
2,10,2416,3.7349e+06,1500
2,10,2422,3.7442e+06,1500
2,10,2426,3.7504e+06,3000
2,10,2434,3.7627e+06,1500
2,10,2442,3.7751e+06,3000
2,10,2450,3.7875e+06,1500
2,10,2459,3.8014e+06,3000
2,10,2465,3.8107e+06,3000
2,10,2472,3.8215e+06,1500
2,10,2476,3.8277e+06,3000
2,10,2483,3.8385e+06,3000
2,10,2490,3.8493e+06,1500
2,10,2497,3.8601e+06,1500
2,10,2506,3.874e+06,3000
2,10,2512,3.8833e+06,3000
2,10,2524,3.9019e+06,1500
2,10,2532,3.9142e+06,1500
2,10,2540,3.9266e+06,3000
2,10,2550,3.9421e+06,3000
2,10,2557,3.9529e+06,1500
2,10,2567,3.9683e+06,3000
2,10,2572,3.9761e+06,1500
2,10,2581,3.99e+06,3000
2,10,2589,4.0024e+06,1500
2,10,2593,4.0085e+06,3000
2,10,2598,4.0163e+06,3000
2,10,2607,4.0302e+06,1500
2,10,2609,4.0333e+06,3000
2,10,2618,4.0472e+06,1500
2,10,2623,4.0549e+06,3000
2,10,2630,4.0657e+06,1500
2,10,2633,4.0704e+06,1500
2,10,2640,4.0812e+06,3000
2,10,2646,4.0905e+06,1500
2,10,2653,4.1013e+06,3000
2,10,2665,4.1198e+06,3000
2,10,2674,4.1338e+06,3000
2,10,2683,4.1477e+06,1500
2,10,2691,4.16e+06,1500
2,10,2700,4.174e+06,3000
2,10,2703,4.1786e+06,3000
2,10,2710,4.1894e+06,1500
2,10,2720,4.2049e+06,1500
2,10,2722,4.208e+06,3000
2,10,2731,4.2219e+06,1500
2,10,2738,4.2327e+06,3000
2,10,2744,4.242e+06,3000
2,10,2749,4.2497e+06,3000
2,10,2759,4.2652e+06,3000
2,10,2770,4.2822e+06,1500
2,10,2778,4.2945e+06,3000
2,10,2787,4.3084e+06,1500
2,10,2793,4.3177e+06,1500
2,10,2799,4.327e+06,1500
2,10,2809,4.3425e+06,3000
2,10,2814,4.3502e+06,1500
2,10,2819,4.3579e+06,3000
2,10,2828,4.3718e+06,1500
2,10,2833,4.3796e+06,1500
2,10,2837,4.3857e+06,1500
2,10,2846,4.3997e+06,3000
2,10,2849,4.4043e+06,1500
2,10,2857,4.4167e+06,1500
2,10,2861,4.4228e+06,1500
2,10,2870,4.4368e+06,3000
2,10,2873,4.4414e+06,3000
2,10,2878,4.4491e+06,3000
2,10,2886,4.4615e+06,1500
2,10,2891,4.4692e+06,3000
2,10,2897,4.4785e+06,1500
2,10,2905,4.4909e+06,1500
2,10,2908,4.4955e+06,3000
2,10,2917,4.5094e+06,1500
2,10,2922,4.5171e+06,1500
2,10,2930,4.5295e+06,3000
2,10,2942,4.5481e+06,1500
2,10,2949,4.5589e+06,1500
2,10,2952,4.5635e+06,1500
2,10,2959,4.5743e+06,1500
2,10,2966,4.5852e+06,3000
2,10,2976,4.6006e+06,3000
2,10,2982,4.6099e+06,3000
2,10,2985,4.6145e+06,3000
2,10,2993,4.6269e+06,1500
2,10,3002,4.6408e+06,3000
2,10,3006,4.647e+06,1500
2,10,3010,4.6532e+06,1500
2,10,3019,4.6671e+06,3000
2,10,3031,4.6857e+06,3000
2,10,3041,4.7011e+06,3000
2,10,3050,4.715e+06,3000
2,10,3059,4.7289e+06,3000
2,10,3069,4.7444e+06,1500
2,10,3073,4.7506e+06,1500
2,10,3080,4.7614e+06,1500
2,10,3086,4.7707e+06,1500
2,10,3090,4.7769e+06,1500
2,10,3100,4.7923e+06,3000
2,10,3109,4.8062e+06,1500
2,10,3120,4.8232e+06,1500
2,10,3126,4.8325e+06,3000
2,10,3131,4.8402e+06,1500
2,10,3134,4.8449e+06,3000
2,10,3144,4.8603e+06,1500
2,10,3153,4.8743e+06,1500
2,10,3162,4.8882e+06,1500
2,10,3164,4.8913e+06,3000
2,10,3170,4.9005e+06,1500
2,10,3180,4.916e+06,1500
2,10,3185,4.9237e+06,1500
2,10,3192,4.9345e+06,1500
2,10,3194,4.9376e+06,3000
2,10,3205,4.9546e+06,3000
2,10,3209,4.9608e+06,1500
2,10,3213,4.967e+06,3000
2,10,3220,4.9778e+06,3000
2,10,3229,4.9917e+06,1500
2,10,3232,4.9964e+06,3000
2,10,3236,5.0026e+06,3000
2,10,3243,5.0134e+06,3000
2,10,3248,5.0211e+06,1500
2,10,3253,5.0288e+06,3000
2,10,3259,5.0381e+06,3000
2,10,3269,5.0536e+06,1500
2,10,3274,5.0613e+06,3000
2,10,3277,5.0659e+06,3000
2,10,3285,5.0783e+06,1500
2,10,3290,5.086e+06,1500
2,10,3296,5.0953e+06,3000
2,10,3307,5.1123e+06,1500
2,10,3316,5.1262e+06,1500
2,10,3322,5.1355e+06,1500
2,10,3331,5.1494e+06,3000
2,10,3339,5.1618e+06,3000
2,10,3348,5.1757e+06,1500
2,10,3353,5.1834e+06,3000
2,10,3361,5.1958e+06,3000
2,10,3364,5.2004e+06,1500
2,10,3370,5.2097e+06,3000
2,10,3378,5.2221e+06,1500
2,10,3387,5.236e+06,3000
2,10,3392,5.2437e+06,1500
2,10,3396,5.2499e+06,3000
2,10,3408,5.2685e+06,1500
2,10,3410,5.2716e+06,3000
2,10,3415,5.2793e+06,3000
2,10,3421,5.2886e+06,3000
2,10,3430,5.3025e+06,3000
2,10,3436,5.3117e+06,1500
2,10,3445,5.3257e+06,1500
2,10,3450,5.3334e+06,1500
2,10,3455,5.3411e+06,3000
2,10,3466,5.3581e+06,1500
2,10,3473,5.3689e+06,1500
2,10,3479,5.3782e+06,3000
2,10,3489,5.3937e+06,3000
2,10,3494,5.4014e+06,3000
2,10,3501,5.4122e+06,1500
2,10,3506,5.42e+06,3000
2,10,3511,5.4277e+06,3000
2,10,3519,5.4401e+06,1500
2,10,3524,5.4478e+06,1500
2,10,3533,5.4617e+06,3000
2,10,3537,5.4679e+06,3000
2,10,3546,5.4818e+06,3000
2,10,3554,5.4942e+06,1500
2,10,3561,5.505e+06,1500
2,10,3565,5.5112e+06,3000
2,10,3571,5.5204e+06,3000
2,10,3581,5.5359e+06,1500
2,10,3590,5.5498e+06,1500
2,10,3594,5.556e+06,1500
2,10,3603,5.5699e+06,1500
2,10,3610,5.5807e+06,3000
2,10,3622,5.5993e+06,3000
2,10,3632,5.6147e+06,3000
2,10,3637,5.6225e+06,1500
2,10,3648,5.6395e+06,1500
2,10,3659,5.6565e+06,1500
2,10,3665,5.6658e+06,1500
2,10,3673,5.6781e+06,1500
2,10,3682,5.692e+06,1500
2,10,3690,5.7044e+06,3000
2,10,3693,5.709e+06,3000
2,10,3700,5.7199e+06,1500
2,10,3708,5.7322e+06,3000
2,10,3716,5.7446e+06,3000
2,10,3724,5.757e+06,1500
2,10,3730,5.7662e+06,3000
2,10,3741,5.7832e+06,3000
2,10,3746,5.791e+06,3000
2,10,3758,5.8095e+06,3000
2,10,3765,5.8203e+06,3000
2,10,3771,5.8296e+06,3000
2,10,3778,5.8404e+06,1500
2,10,3781,5.8451e+06,1500
2,10,3787,5.8544e+06,1500
2,10,3795,5.8667e+06,1500
2,10,3801,5.876e+06,3000
2,10,3805,5.8822e+06,1500
2,10,3815,5.8976e+06,1500
2,10,3819,5.9038e+06,3000
2,10,3827,5.9162e+06,1500
2,10,3832,5.9239e+06,3000
2,10,3838,5.9332e+06,3000
2,10,3846,5.9456e+06,3000
2,10,3854,5.9579e+06,3000
2,10,3862,5.9703e+06,1500
2,10,3865,5.9749e+06,1500
2,10,3874,5.9889e+06,1500
2,10,3881,5.9997e+06,3000
2,10,3891,6.0151e+06,1500
2,10,3897,6.0244e+06,3000
2,10,3906,6.0383e+06,3000
2,10,3914,6.0507e+06,3000
2,10,3917,6.0553e+06,1500
2,10,3921,6.0615e+06,3000
2,10,3932,6.0785e+06,3000
2,10,3937,6.0862e+06,1500
2,10,3941,6.0924e+06,3000
2,10,3944,6.0971e+06,1500
2,10,3949,6.1048e+06,3000
2,10,3957,6.1172e+06,3000
2,10,3961,6.1233e+06,1500
2,10,3965,6.1295e+06,3000
2,10,3971,6.1388e+06,1500
2,10,3978,6.1496e+06,1500
2,10,3983,6.1574e+06,3000
2,10,3993,6.1728e+06,3000
2,10,4003,6.1883e+06,1500
2,10,4011,6.2006e+06,1500
2,10,4020,6.2146e+06,1500
2,10,4028,6.2269e+06,1500
2,10,4033,6.2347e+06,1500
2,10,4040,6.2455e+06,1500
2,10,4049,6.2594e+06,3000
2,10,4052,6.264e+06,3000
2,10,4058,6.2733e+06,1500
2,10,4063,6.281e+06,1500
2,10,4074,6.298e+06,1500
2,10,4081,6.3089e+06,3000
2,10,4092,6.3259e+06,1500
2,10,4097,6.3336e+06,1500
2,10,4102,6.3413e+06,3000
2,10,4112,6.3568e+06,3000
2,10,4120,6.3691e+06,1500
2,10,4126,6.3784e+06,1500
2,10,4135,6.3923e+06,3000
2,10,4140,6.4001e+06,3000
2,10,4150,6.4155e+06,3000
2,10,4153,6.4202e+06,3000
2,10,4163,6.4356e+06,3000
2,10,4167,6.4418e+06,3000
2,10,4172,6.4495e+06,3000
2,10,4175,6.4542e+06,1500
2,10,4184,6.4681e+06,1500
2,10,4193,6.482e+06,3000
2,10,4201,6.4944e+06,1500
2,10,4208,6.5052e+06,1500
2,10,4212,6.5114e+06,1500
2,10,4216,6.5176e+06,3000
2,10,4227,6.5346e+06,3000
2,10,4231,6.5407e+06,1500
2,10,4233,6.5438e+06,1500
2,10,4237,6.55e+06,3000
2,10,4244,6.5608e+06,1500
2,10,4254,6.5763e+06,1500
2,10,4260,6.5856e+06,3000
2,10,4265,6.5933e+06,3000
2,10,4274,6.6072e+06,3000
2,10,4283,6.6211e+06,1500
2,10,4290,6.632e+06,3000
2,10,4299,6.6459e+06,3000
2,10,4308,6.6598e+06,3000
2,10,4318,6.6752e+06,3000
2,10,4325,6.6861e+06,3000
2,10,4331,6.6953e+06,3000
2,10,4335,6.7015e+06,1500
2,10,4343,6.7139e+06,1500
2,10,4352,6.7278e+06,1500
2,10,4359,6.7386e+06,3000
2,10,4368,6.7525e+06,3000
2,10,4372,6.7587e+06,3000
2,10,4378,6.768e+06,3000
2,10,4388,6.7834e+06,3000
2,10,4399,6.8005e+06,3000
2,10,4405,6.8097e+06,3000
2,10,4411,6.819e+06,3000
2,10,4417,6.8283e+06,3000
2,10,4423,6.8376e+06,3000
2,10,4428,6.8453e+06,1500
2,10,4430,6.8484e+06,1500
2,10,4435,6.8561e+06,1500
2,10,4441,6.8654e+06,1500
2,10,4444,6.87e+06,3000
2,10,4451,6.8808e+06,1500
2,10,4455,6.887e+06,3000
2,10,4461,6.8963e+06,1500
2,10,4470,6.9102e+06,3000
2,10,4477,6.921e+06,1500
2,10,4488,6.938e+06,1500
2,10,4495,6.9489e+06,3000
2,10,4502,6.9597e+06,3000
2,10,4507,6.9674e+06,3000
2,10,4516,6.9813e+06,1500
2,10,4527,6.9983e+06,1500
2,10,4529,7.0014e+06,3000
2,10,4536,7.0122e+06,3000
2,10,4545,7.0262e+06,3000
2,10,4557,7.0447e+06,1500
2,10,4562,7.0524e+06,3000
2,10,4565,7.0571e+06,3000
2,10,4575,7.0725e+06,3000
2,10,4579,7.0787e+06,3000
2,10,4586,7.0895e+06,3000
2,10,4593,7.1004e+06,1500
2,10,4597,7.1065e+06,1500
2,10,4601,7.1127e+06,1500
2,10,4605,7.1189e+06,3000
2,10,4612,7.1297e+06,1500
2,10,4616,7.1359e+06,3000
2,10,4625,7.1498e+06,3000
2,10,4637,7.1684e+06,1500
2,10,4643,7.1777e+06,1500
2,10,4651,7.19e+06,1500
2,10,4659,7.2024e+06,3000
2,10,4665,7.2117e+06,3000
2,10,4674,7.2256e+06,1500
2,10,4676,7.2287e+06,1500
2,10,4681,7.2364e+06,3000
2,10,4693,7.255e+06,3000
2,10,4701,7.2673e+06,3000
2,10,4709,7.2797e+06,1500
2,10,4717,7.2921e+06,3000
2,10,4725,7.3044e+06,1500
2,10,4729,7.3106e+06,1500
2,10,4731,7.3137e+06,1500
2,10,4735,7.3199e+06,3000
2,10,4738,7.3245e+06,1500
2,10,4746,7.3369e+06,1500
2,10,4750,7.3431e+06,3000
2,10,4759,7.357e+06,1500
2,10,4766,7.3678e+06,3000
2,10,4774,7.3802e+06,1500
2,10,4780,7.3894e+06,3000
2,10,4789,7.4034e+06,1500
2,10,4794,7.4111e+06,1500
2,10,4799,7.4188e+06,1500
2,10,4805,7.4281e+06,3000
2,10,4811,7.4374e+06,3000
2,10,4816,7.4451e+06,1500
2,10,4820,7.4513e+06,3000
2,10,4832,7.4698e+06,1500
2,10,4841,7.4837e+06,3000
2,10,4850,7.4977e+06,3000
2,10,4862,7.5162e+06,1500
2,10,4865,7.5208e+06,3000
2,10,4877,7.5394e+06,3000
2,10,4882,7.5471e+06,3000
2,10,4890,7.5595e+06,1500
2,10,4898,7.5719e+06,1500
2,10,4902,7.578e+06,1500
2,10,4905,7.5827e+06,3000
2,10,4911,7.592e+06,1500
2,10,4914,7.5966e+06,3000
2,10,4921,7.6074e+06,1500
2,10,4925,7.6136e+06,3000
2,10,4930,7.6213e+06,1500
2,10,4938,7.6337e+06,3000
2,10,4947,7.6476e+06,1500
2,10,4958,7.6646e+06,3000
2,10,4963,7.6723e+06,3000
2,10,4969,7.6816e+06,3000
2,10,4978,7.6955e+06,1500
2,10,4984,7.7048e+06,1500
2,10,4988,7.711e+06,3000
2,10,4992,7.7172e+06,3000
2,10,5002,7.7326e+06,3000
2,10,5012,7.7481e+06,3000
2,10,5024,7.7666e+06,3000
2,10,5033,7.7806e+06,3000
2,10,5039,7.7898e+06,1500
2,10,5043,7.796e+06,1500
2,10,5050,7.8068e+06,1500
2,10,5056,7.8161e+06,1500
2,10,5062,7.8254e+06,1500
2,10,5067,7.8331e+06,3000
2,10,5079,7.8517e+06,3000
2,10,5088,7.8656e+06,3000
2,10,5095,7.8764e+06,3000
2,10,5104,7.8903e+06,3000
2,10,5116,7.9089e+06,1500
3,10,5,7730,3000
3,10,10,15459,3000
3,10,20,30918,3000
3,10,25,38648,1500
3,10,31,47923,1500
3,10,34,52561,3000
3,10,38,58745,1500
3,10,42,64928,3000
3,10,45,69566,3000
3,10,52,80387,3000
3,10,63,97392,1500
3,10,69,1.0667e+05,1500
3,10,73,1.1285e+05,1500
3,10,77,1.1904e+05,1500
3,10,84,1.2986e+05,3000
3,10,95,1.4686e+05,3000
3,10,101,1.5614e+05,3000
3,10,111,1.716e+05,1500
3,10,119,1.8396e+05,3000
3,10,126,1.9479e+05,3000
3,10,130,2.0097e+05,3000
3,10,137,2.1179e+05,3000
3,10,143,2.2107e+05,1500
3,10,146,2.257e+05,3000
3,10,151,2.3343e+05,3000
3,10,157,2.4271e+05,1500
3,10,163,2.5198e+05,3000
3,10,170,2.6281e+05,1500
3,10,179,2.7672e+05,3000
3,10,191,2.9527e+05,3000
3,10,199,3.0764e+05,1500
3,10,206,3.1846e+05,1500
3,10,212,3.2773e+05,1500
3,10,218,3.3701e+05,1500
3,10,225,3.4783e+05,1500
3,10,227,3.5092e+05,1500
3,10,229,3.5401e+05,1500
3,10,236,3.6484e+05,1500
3,10,241,3.7256e+05,3000
3,10,247,3.8184e+05,1500
3,10,254,3.9266e+05,3000
3,10,259,4.0039e+05,3000
3,10,265,4.0967e+05,3000
3,10,275,4.2513e+05,3000
3,10,279,4.3131e+05,3000
3,10,283,4.3749e+05,1500
3,10,291,4.4986e+05,1500
3,10,300,4.6377e+05,3000
3,10,308,4.7614e+05,1500
3,10,312,4.8232e+05,3000
3,10,322,4.9778e+05,1500
3,10,327,5.0551e+05,3000
3,10,332,5.1324e+05,1500
3,10,336,5.1943e+05,1500
3,10,345,5.3334e+05,1500
3,10,349,5.3952e+05,1500
3,10,359,5.5498e+05,1500
3,10,363,5.6117e+05,3000
3,10,372,5.7508e+05,3000
3,10,381,5.8899e+05,3000
3,10,393,6.0754e+05,1500
3,10,402,6.2146e+05,1500
3,10,406,6.2764e+05,3000
3,10,409,6.3228e+05,1500
3,10,414,6.4001e+05,3000
3,10,421,6.5083e+05,3000
3,10,424,6.5547e+05,1500
3,10,432,6.6783e+05,3000
3,10,439,6.7865e+05,3000
3,10,445,6.8793e+05,1500
3,10,454,7.0184e+05,1500
3,10,462,7.1421e+05,1500
3,10,471,7.2812e+05,3000
3,10,476,7.3585e+05,3000
3,10,486,7.5131e+05,3000
3,10,494,7.6368e+05,1500
3,10,504,7.7914e+05,1500
3,10,507,7.8378e+05,1500
3,10,516,7.9769e+05,3000
3,10,527,8.1469e+05,3000
3,10,538,8.317e+05,3000
3,10,546,8.4407e+05,1500
3,10,550,8.5025e+05,3000
3,10,556,8.5953e+05,3000
3,10,562,8.688e+05,3000
3,10,574,8.8735e+05,1500
3,10,583,9.0127e+05,3000
3,10,591,9.1363e+05,3000
3,10,598,9.2445e+05,1500
3,10,603,9.3218e+05,1500
3,10,607,9.3837e+05,1500
3,10,611,9.4455e+05,1500
3,10,614,9.4919e+05,3000
3,10,617,9.5383e+05,3000
3,10,622,9.6156e+05,3000
3,10,629,9.7238e+05,1500
3,10,634,9.8011e+05,3000
3,10,645,9.9711e+05,3000
3,10,654,1.011e+06,3000
3,10,660,1.0203e+06,1500
3,10,668,1.0327e+06,1500
3,10,674,1.0419e+06,1500
3,10,680,1.0512e+06,1500
3,10,688,1.0636e+06,1500
3,10,692,1.0698e+06,1500
3,10,701,1.0837e+06,3000
3,10,705,1.0899e+06,3000
3,10,713,1.1022e+06,3000
3,10,723,1.1177e+06,3000
3,10,726,1.1223e+06,1500
3,10,733,1.1332e+06,1500
3,10,742,1.1471e+06,3000
3,10,751,1.161e+06,3000
3,10,759,1.1733e+06,1500
3,10,764,1.1811e+06,1500
3,10,770,1.1904e+06,3000
3,10,778,1.2027e+06,3000
3,10,786,1.2151e+06,1500
3,10,790,1.2213e+06,1500
3,10,796,1.2305e+06,3000
3,10,805,1.2445e+06,1500
3,10,816,1.2615e+06,1500
3,10,823,1.2723e+06,1500
3,10,826,1.2769e+06,1500
3,10,831,1.2847e+06,1500
3,10,840,1.2986e+06,1500
3,10,847,1.3094e+06,3000
3,10,853,1.3187e+06,3000
3,10,857,1.3248e+06,1500
3,10,862,1.3326e+06,1500
3,10,872,1.348e+06,1500
3,10,875,1.3527e+06,1500
3,10,883,1.365e+06,1500
3,10,891,1.3774e+06,1500
3,10,900,1.3913e+06,1500
3,10,907,1.4021e+06,1500
3,10,917,1.4176e+06,3000
3,10,926,1.4315e+06,1500
3,10,933,1.4423e+06,1500
3,10,940,1.4532e+06,1500
3,10,945,1.4609e+06,1500
3,10,954,1.4748e+06,1500
3,10,963,1.4887e+06,3000
3,10,967,1.4949e+06,3000
3,10,978,1.5119e+06,3000
3,10,985,1.5227e+06,1500
3,10,988,1.5274e+06,3000
3,10,998,1.5428e+06,1500
3,10,1004,1.5521e+06,3000
3,10,1012,1.5645e+06,1500
3,10,1016,1.5706e+06,1500
3,10,1020,1.5768e+06,1500
3,10,1028,1.5892e+06,1500
3,10,1031,1.5938e+06,1500
3,10,1040,1.6077e+06,3000
3,10,1052,1.6263e+06,1500
3,10,1055,1.6309e+06,1500
3,10,1061,1.6402e+06,1500
3,10,1063,1.6433e+06,1500
3,10,1070,1.6541e+06,1500
3,10,1077,1.6649e+06,1500
3,10,1086,1.6789e+06,1500
3,10,1095,1.6928e+06,1500
3,10,1104,1.7067e+06,1500
3,10,1108,1.7129e+06,3000
3,10,1118,1.7283e+06,3000
3,10,1127,1.7422e+06,1500
3,10,1138,1.7592e+06,3000
3,10,1146,1.7716e+06,3000
3,10,1156,1.7871e+06,1500
3,10,1166,1.8025e+06,1500
3,10,1168,1.8056e+06,1500
3,10,1176,1.818e+06,1500
3,10,1185,1.8319e+06,1500
3,10,1189,1.8381e+06,3000
3,10,1196,1.8489e+06,3000
3,10,1200,1.8551e+06,1500
3,10,1204,1.8613e+06,3000
3,10,1207,1.8659e+06,1500
3,10,1215,1.8783e+06,1500
3,10,1226,1.8953e+06,1500
3,10,1232,1.9046e+06,3000
3,10,1240,1.9169e+06,1500
3,10,1249,1.9308e+06,1500
3,10,1257,1.9432e+06,1500
3,10,1261,1.9494e+06,3000
3,10,1267,1.9587e+06,1500
3,10,1275,1.971e+06,3000
3,10,1279,1.9772e+06,3000
3,10,1284,1.9849e+06,1500
3,10,1292,1.9973e+06,1500
3,10,1300,2.0097e+06,1500
3,10,1306,2.019e+06,3000
3,10,1310,2.0251e+06,1500
3,10,1316,2.0344e+06,3000
3,10,1319,2.0391e+06,1500
3,10,1323,2.0452e+06,3000
3,10,1328,2.053e+06,3000
3,10,1337,2.0669e+06,3000
3,10,1343,2.0762e+06,3000
3,10,1348,2.0839e+06,1500
3,10,1358,2.0993e+06,1500
3,10,1364,2.1086e+06,1500
3,10,1371,2.1194e+06,1500
3,10,1374,2.1241e+06,3000
3,10,1385,2.1411e+06,1500
3,10,1392,2.1519e+06,3000
3,10,1404,2.1705e+06,1500
3,10,1408,2.1766e+06,1500
3,10,1414,2.1859e+06,3000
3,10,1421,2.1967e+06,1500
3,10,1428,2.2076e+06,3000
3,10,1438,2.223e+06,3000
3,10,1442,2.2292e+06,1500
3,10,1446,2.2354e+06,1500
3,10,1453,2.2462e+06,1500
3,10,1458,2.2539e+06,1500
3,10,1463,2.2617e+06,3000
3,10,1473,2.2771e+06,1500
3,10,1482,2.291e+06,1500
3,10,1488,2.3003e+06,3000
3,10,1500,2.3189e+06,3000
3,10,1503,2.3235e+06,1500
3,10,1511,2.3359e+06,3000
3,10,1516,2.3436e+06,3000
3,10,1523,2.3544e+06,1500
3,10,1531,2.3668e+06,1500
3,10,1533,2.3699e+06,3000
3,10,1542,2.3838e+06,1500
3,10,1549,2.3946e+06,1500
3,10,1558,2.4085e+06,1500
3,10,1564,2.4178e+06,3000
3,10,1571,2.4286e+06,3000
3,10,1583,2.4472e+06,1500
3,10,1587,2.4534e+06,1500
3,10,1591,2.4595e+06,1500
3,10,1597,2.4688e+06,3000
3,10,1602,2.4765e+06,3000
3,10,1614,2.4951e+06,1500
3,10,1625,2.5121e+06,1500
3,10,1630,2.5198e+06,1500
3,10,1634,2.526e+06,1500
3,10,1640,2.5353e+06,1500
3,10,1646,2.5446e+06,1500
3,10,1649,2.5492e+06,1500
3,10,1657,2.5616e+06,1500
3,10,1666,2.5755e+06,3000
3,10,1673,2.5863e+06,3000
3,10,1681,2.5987e+06,1500
3,10,1684,2.6033e+06,1500
3,10,1692,2.6157e+06,3000
3,10,1699,2.6265e+06,3000
3,10,1704,2.6342e+06,3000
3,10,1716,2.6528e+06,3000
3,10,1728,2.6713e+06,3000
3,10,1733,2.6791e+06,3000
3,10,1743,2.6945e+06,1500
3,10,1752,2.7084e+06,1500
3,10,1760,2.7208e+06,1500
3,10,1769,2.7347e+06,3000
3,10,1779,2.7502e+06,3000
3,10,1785,2.7594e+06,3000
3,10,1794,2.7734e+06,1500
3,10,1803,2.7873e+06,1500
3,10,1807,2.7935e+06,1500
3,10,1815,2.8058e+06,1500
3,10,1825,2.8213e+06,1500
3,10,1831,2.8306e+06,1500
3,10,1839,2.8429e+06,1500
3,10,1843,2.8491e+06,3000
3,10,1850,2.8599e+06,3000
3,10,1858,2.8723e+06,3000
3,10,1868,2.8878e+06,1500
3,10,1876,2.9001e+06,3000
3,10,1879,2.9048e+06,1500
3,10,1887,2.9171e+06,3000
3,10,1893,2.9264e+06,1500
3,10,1904,2.9434e+06,3000
3,10,1914,2.9589e+06,1500
3,10,1920,2.9681e+06,3000
3,10,1928,2.9805e+06,1500
3,10,1932,2.9867e+06,1500
3,10,1935,2.9913e+06,3000
3,10,1940,2.9991e+06,1500
3,10,1946,3.0083e+06,1500
3,10,1951,3.0161e+06,1500
3,10,1959,3.0284e+06,3000
3,10,1969,3.0439e+06,1500
3,10,1973,3.0501e+06,3000
3,10,1983,3.0655e+06,1500
3,10,1991,3.0779e+06,1500
3,10,1995,3.0841e+06,3000
3,10,1998,3.0887e+06,1500
3,10,2007,3.1026e+06,1500
3,10,2014,3.1135e+06,3000
3,10,2020,3.1227e+06,3000
3,10,2027,3.1336e+06,3000
3,10,2031,3.1397e+06,1500
3,10,2037,3.149e+06,1500
3,10,2043,3.1583e+06,1500
3,10,2049,3.1676e+06,1500
3,10,2056,3.1784e+06,3000
3,10,2059,3.183e+06,3000
3,10,2065,3.1923e+06,3000
3,10,2071,3.2016e+06,3000
3,10,2082,3.2186e+06,3000
3,10,2087,3.2263e+06,1500
3,10,2095,3.2387e+06,3000
3,10,2103,3.251e+06,3000
3,10,2111,3.2634e+06,3000
3,10,2119,3.2758e+06,3000
3,10,2125,3.2851e+06,3000
3,10,2128,3.2897e+06,3000
3,10,2137,3.3036e+06,3000
3,10,2141,3.3098e+06,3000
3,10,2150,3.3237e+06,1500
3,10,2161,3.3407e+06,3000
3,10,2166,3.3484e+06,1500
3,10,2170,3.3546e+06,1500
3,10,2181,3.3716e+06,1500
3,10,2186,3.3794e+06,1500
3,10,2191,3.3871e+06,1500
3,10,2200,3.401e+06,3000
3,10,2207,3.4118e+06,1500
3,10,2217,3.4273e+06,1500
3,10,2224,3.4381e+06,1500
3,10,2231,3.4489e+06,3000
3,10,2235,3.4551e+06,3000
3,10,2244,3.469e+06,3000
3,10,2249,3.4768e+06,1500
3,10,2251,3.4798e+06,3000
3,10,2255,3.486e+06,1500
3,10,2262,3.4968e+06,1500
3,10,2273,3.5139e+06,1500
3,10,2283,3.5293e+06,1500
3,10,2290,3.5401e+06,3000
3,10,2296,3.5494e+06,3000
3,10,2299,3.554e+06,3000
3,10,2309,3.5695e+06,3000
3,10,2318,3.5834e+06,1500
3,10,2326,3.5958e+06,3000
3,10,2336,3.6112e+06,1500
3,10,2341,3.619e+06,1500
3,10,2352,3.636e+06,1500
3,10,2356,3.6422e+06,3000
3,10,2365,3.6561e+06,3000
3,10,2374,3.67e+06,1500
3,10,2380,3.6793e+06,3000
3,10,2390,3.6947e+06,3000
3,10,2400,3.7102e+06,1500
3,10,2404,3.7164e+06,3000
3,10,2414,3.7318e+06,3000
3,10,2421,3.7426e+06,1500
3,10,2430,3.7566e+06,1500
3,10,2436,3.7658e+06,1500
3,10,2440,3.772e+06,1500
3,10,2445,3.7797e+06,3000
3,10,2454,3.7937e+06,1500
3,10,2461,3.8045e+06,1500
3,10,2466,3.8122e+06,3000
3,10,2474,3.8246e+06,1500
3,10,2485,3.8416e+06,1500
3,10,2494,3.8555e+06,3000
3,10,2502,3.8679e+06,3000
3,10,2507,3.8756e+06,1500
3,10,2518,3.8926e+06,1500
3,10,2524,3.9019e+06,1500
3,10,2531,3.9127e+06,1500
3,10,2534,3.9173e+06,3000
3,10,2542,3.9297e+06,1500
3,10,2547,3.9374e+06,3000
3,10,2557,3.9529e+06,1500
3,10,2563,3.9622e+06,3000
3,10,2571,3.9745e+06,3000
3,10,2580,3.9884e+06,3000
3,10,2590,4.0039e+06,3000
3,10,2601,4.0209e+06,1500
3,10,2606,4.0286e+06,3000
3,10,2610,4.0348e+06,1500
3,10,2617,4.0456e+06,3000
3,10,2624,4.0565e+06,1500
3,10,2632,4.0688e+06,3000
3,10,2639,4.0797e+06,1500
3,10,2642,4.0843e+06,1500
3,10,2646,4.0905e+06,3000
3,10,2651,4.0982e+06,1500
3,10,2655,4.1044e+06,3000
3,10,2663,4.1168e+06,1500
3,10,2671,4.1291e+06,3000
3,10,2680,4.143e+06,1500
3,10,2682,4.1461e+06,3000
3,10,2687,4.1539e+06,1500
3,10,2690,4.1585e+06,1500
3,10,2697,4.1693e+06,1500
3,10,2707,4.1848e+06,3000
3,10,2715,4.1971e+06,3000
3,10,2724,4.2111e+06,3000
3,10,2729,4.2188e+06,3000
3,10,2737,4.2312e+06,1500
3,10,2743,4.2404e+06,1500
3,10,2750,4.2513e+06,1500
3,10,2755,4.259e+06,3000
3,10,2761,4.2683e+06,1500
3,10,2769,4.2806e+06,1500
3,10,2777,4.293e+06,3000
3,10,2783,4.3023e+06,3000
3,10,2788,4.31e+06,1500
3,10,2795,4.3208e+06,1500
3,10,2801,4.3301e+06,1500
3,10,2808,4.3409e+06,1500
3,10,2812,4.3471e+06,3000
3,10,2818,4.3564e+06,3000
3,10,2824,4.3656e+06,3000
3,10,2834,4.3811e+06,3000
3,10,2845,4.3981e+06,1500
3,10,2851,4.4074e+06,1500
3,10,2859,4.4198e+06,3000
3,10,2867,4.4321e+06,3000
3,10,2878,4.4491e+06,3000
3,10,2884,4.4584e+06,3000
3,10,2889,4.4661e+06,1500
3,10,2899,4.4816e+06,3000
3,10,2907,4.494e+06,1500
3,10,2909,4.4971e+06,1500
3,10,2914,4.5048e+06,1500
3,10,2925,4.5218e+06,3000
3,10,2932,4.5326e+06,1500
3,10,2940,4.545e+06,3000
3,10,2945,4.5527e+06,1500
3,10,2949,4.5589e+06,3000
3,10,2957,4.5713e+06,1500
3,10,2961,4.5774e+06,3000
3,10,2972,4.5944e+06,3000
3,10,2983,4.6114e+06,3000
3,10,2991,4.6238e+06,3000
3,10,3002,4.6408e+06,1500
3,10,3013,4.6578e+06,1500
3,10,3019,4.6671e+06,3000
3,10,3024,4.6748e+06,1500
3,10,3030,4.6841e+06,3000
3,10,3035,4.6918e+06,3000
3,10,3047,4.7104e+06,3000
3,10,3054,4.7212e+06,1500
3,10,3056,4.7243e+06,1500
3,10,3062,4.7336e+06,3000
3,10,3073,4.7506e+06,1500
3,10,3080,4.7614e+06,3000
3,10,3090,4.7769e+06,1500
3,10,3095,4.7846e+06,3000
3,10,3103,4.797e+06,3000
3,10,3113,4.8124e+06,1500
3,10,3117,4.8186e+06,3000
3,10,3120,4.8232e+06,1500
3,10,3126,4.8325e+06,1500
3,10,3132,4.8418e+06,3000
3,10,3142,4.8572e+06,3000
3,10,3152,4.8727e+06,1500
3,10,3160,4.8851e+06,3000
3,10,3166,4.8943e+06,3000
3,10,3170,4.9005e+06,1500
3,10,3177,4.9114e+06,3000
3,10,3186,4.9253e+06,3000
3,10,3196,4.9407e+06,3000
3,10,3202,4.95e+06,3000
3,10,3210,4.9624e+06,1500
3,10,3216,4.9716e+06,3000
3,10,3223,4.9825e+06,3000
3,10,3228,4.9902e+06,1500
3,10,3230,4.9933e+06,1500
3,10,3239,5.0072e+06,3000
3,10,3247,5.0196e+06,1500
3,10,3256,5.0335e+06,1500
3,10,3264,5.0458e+06,1500
3,10,3271,5.0567e+06,3000
3,10,3277,5.0659e+06,3000
3,10,3284,5.0768e+06,3000
3,10,3293,5.0907e+06,3000
3,10,3305,5.1092e+06,1500
3,10,3307,5.1123e+06,3000
3,10,3317,5.1278e+06,1500
3,10,3325,5.1401e+06,1500
3,10,3333,5.1525e+06,3000
3,10,3339,5.1618e+06,3000
3,10,3350,5.1788e+06,3000
3,10,3358,5.1912e+06,1500
3,10,3364,5.2004e+06,1500
3,10,3373,5.2144e+06,1500
3,10,3382,5.2283e+06,1500
3,10,3390,5.2406e+06,1500
3,10,3398,5.253e+06,3000
3,10,3408,5.2685e+06,1500
3,10,3415,5.2793e+06,3000
3,10,3426,5.2963e+06,3000
3,10,3431,5.304e+06,3000
3,10,3436,5.3117e+06,3000
3,10,3446,5.3272e+06,3000
3,10,3451,5.3349e+06,3000
3,10,3459,5.3473e+06,1500
3,10,3468,5.3612e+06,1500
3,10,3475,5.372e+06,3000
3,10,3485,5.3875e+06,1500
3,10,3493,5.3999e+06,3000
3,10,3501,5.4122e+06,3000
3,10,3511,5.4277e+06,3000
3,10,3523,5.4462e+06,3000
3,10,3531,5.4586e+06,3000
3,10,3539,5.471e+06,1500
3,10,3549,5.4864e+06,3000
3,10,3558,5.5003e+06,1500
3,10,3566,5.5127e+06,3000
3,10,3570,5.5189e+06,1500
3,10,3579,5.5328e+06,1500
3,10,3584,5.5405e+06,1500
3,10,3595,5.5575e+06,1500
3,10,3599,5.5637e+06,3000
3,10,3607,5.5761e+06,3000
3,10,3612,5.5838e+06,1500
3,10,3621,5.5977e+06,1500
3,10,3624,5.6024e+06,3000
3,10,3630,5.6117e+06,1500
3,10,3634,5.6178e+06,3000
3,10,3643,5.6317e+06,3000
3,10,3652,5.6457e+06,3000
3,10,3659,5.6565e+06,3000
3,10,3662,5.6611e+06,1500
3,10,3667,5.6688e+06,1500
3,10,3674,5.6797e+06,1500
3,10,3679,5.6874e+06,1500
3,10,3688,5.7013e+06,3000
3,10,3696,5.7137e+06,1500
3,10,3703,5.7245e+06,3000
3,10,3710,5.7353e+06,1500
3,10,3712,5.7384e+06,3000
3,10,3719,5.7492e+06,1500
3,10,3725,5.7585e+06,1500
3,10,3731,5.7678e+06,3000
3,10,3741,5.7832e+06,3000
3,10,3749,5.7956e+06,3000
3,10,3755,5.8049e+06,1500
3,10,3764,5.8188e+06,1500
3,10,3771,5.8296e+06,3000
3,10,3779,5.842e+06,3000
3,10,3783,5.8482e+06,3000
3,10,3787,5.8544e+06,1500
3,10,3795,5.8667e+06,3000
3,10,3800,5.8745e+06,1500
3,10,3808,5.8868e+06,3000
3,10,3815,5.8976e+06,3000
3,10,3823,5.91e+06,1500
3,10,3831,5.9224e+06,1500
3,10,3838,5.9332e+06,1500
3,10,3849,5.9502e+06,3000
3,10,3858,5.9641e+06,1500
3,10,3866,5.9765e+06,1500
3,10,3872,5.9858e+06,3000
3,10,3879,5.9966e+06,1500
3,10,3884,6.0043e+06,1500
3,10,3893,6.0182e+06,3000
3,10,3900,6.029e+06,1500
3,10,3909,6.043e+06,3000
3,10,3918,6.0569e+06,1500
3,10,3927,6.0708e+06,3000
3,10,3939,6.0893e+06,3000
3,10,3951,6.1079e+06,3000
3,10,3957,6.1172e+06,1500
3,10,3960,6.1218e+06,1500
3,10,3968,6.1342e+06,1500
3,10,3972,6.1404e+06,3000
3,10,3979,6.1512e+06,3000
3,10,3987,6.1635e+06,3000
3,10,3995,6.1759e+06,1500
3,10,4002,6.1867e+06,1500
3,10,4012,6.2022e+06,1500
3,10,4016,6.2084e+06,1500
3,10,4018,6.2115e+06,1500
3,10,4022,6.2176e+06,3000
3,10,4032,6.2331e+06,3000
3,10,4038,6.2424e+06,1500
3,10,4042,6.2486e+06,3000
3,10,4053,6.2656e+06,3000
3,10,4058,6.2733e+06,1500
3,10,4060,6.2764e+06,1500
3,10,4064,6.2826e+06,3000
3,10,4072,6.2949e+06,1500
3,10,4079,6.3058e+06,3000
3,10,4091,6.3243e+06,3000
3,10,4100,6.3382e+06,1500
3,10,4105,6.346e+06,1500
3,10,4114,6.3599e+06,1500
3,10,4118,6.3661e+06,1500
3,10,4126,6.3784e+06,1500
3,10,4132,6.3877e+06,1500
3,10,4141,6.4016e+06,3000
3,10,4150,6.4155e+06,3000
3,10,4159,6.4294e+06,1500
3,10,4170,6.4464e+06,3000
3,10,4174,6.4526e+06,3000
3,10,4183,6.4665e+06,3000
3,10,4189,6.4758e+06,3000
3,10,4196,6.4866e+06,3000
3,10,4203,6.4975e+06,1500
3,10,4210,6.5083e+06,3000
3,10,4218,6.5206e+06,3000
3,10,4229,6.5377e+06,1500
3,10,4235,6.5469e+06,1500
3,10,4238,6.5516e+06,1500
3,10,4247,6.5655e+06,1500
3,10,4253,6.5748e+06,1500
3,10,4258,6.5825e+06,3000
3,10,4267,6.5964e+06,1500
3,10,4277,6.6119e+06,3000
3,10,4287,6.6273e+06,3000
3,10,4293,6.6366e+06,1500
3,10,4304,6.6536e+06,1500
3,10,4307,6.6582e+06,3000
3,10,4312,6.666e+06,1500
3,10,4317,6.6737e+06,1500
3,10,4328,6.6907e+06,1500
3,10,4330,6.6938e+06,1500
3,10,4333,6.6984e+06,1500
3,10,4337,6.7046e+06,1500
3,10,4345,6.717e+06,3000
3,10,4350,6.7247e+06,1500
3,10,4352,6.7278e+06,1500
3,10,4359,6.7386e+06,1500
3,10,4368,6.7525e+06,3000
3,10,4371,6.7572e+06,1500
3,10,4377,6.7664e+06,3000
3,10,4386,6.7804e+06,1500
3,10,4390,6.7865e+06,1500
3,10,4396,6.7958e+06,3000
3,10,4406,6.8113e+06,3000
3,10,4416,6.8267e+06,1500
3,10,4426,6.8422e+06,1500
3,10,4434,6.8546e+06,1500
3,10,4439,6.8623e+06,1500
3,10,4445,6.8716e+06,3000
3,10,4451,6.8808e+06,3000
3,10,4459,6.8932e+06,1500
3,10,4467,6.9056e+06,3000
3,10,4473,6.9149e+06,1500
3,10,4479,6.9241e+06,3000
3,10,4483,6.9303e+06,1500
3,10,4490,6.9411e+06,3000
3,10,4497,6.952e+06,3000
3,10,4503,6.9612e+06,3000
3,10,4514,6.9782e+06,3000
3,10,4522,6.9906e+06,3000
3,10,4534,7.0092e+06,1500
3,10,4543,7.0231e+06,1500
3,10,4552,7.037e+06,3000
3,10,4557,7.0447e+06,3000
3,10,4565,7.0571e+06,1500
3,10,4567,7.0602e+06,3000
3,10,4573,7.0694e+06,3000
3,10,4578,7.0772e+06,3000
3,10,4585,7.088e+06,1500
3,10,4592,7.0988e+06,1500
3,10,4600,7.1112e+06,3000
3,10,4610,7.1266e+06,1500
3,10,4614,7.1328e+06,3000
3,10,4618,7.139e+06,1500
3,10,4620,7.1421e+06,3000
3,10,4630,7.1576e+06,3000
3,10,4636,7.1668e+06,1500
3,10,4640,7.173e+06,1500
3,10,4648,7.1854e+06,1500
3,10,4654,7.1947e+06,3000
3,10,4663,7.2086e+06,3000
3,10,4669,7.2179e+06,3000
3,10,4675,7.2271e+06,3000
3,10,4680,7.2349e+06,1500
3,10,4685,7.2426e+06,3000
3,10,4691,7.2519e+06,3000
3,10,4703,7.2704e+06,1500
3,10,4711,7.2828e+06,1500
3,10,4721,7.2982e+06,1500
3,10,4732,7.3152e+06,1500
3,10,4737,7.323e+06,3000
3,10,4745,7.3353e+06,1500
3,10,4748,7.34e+06,3000
3,10,4751,7.3446e+06,3000
3,10,4762,7.3616e+06,1500
3,10,4771,7.3755e+06,1500
3,10,4778,7.3864e+06,3000
3,10,4788,7.4018e+06,3000
3,10,4797,7.4157e+06,3000
3,10,4806,7.4296e+06,3000
3,10,4815,7.4436e+06,1500
3,10,4820,7.4513e+06,3000
3,10,4825,7.459e+06,1500
3,10,4832,7.4698e+06,3000
3,10,4844,7.4884e+06,1500
3,10,4854,7.5038e+06,1500
3,10,4858,7.51e+06,3000
3,10,4865,7.5208e+06,3000
3,10,4871,7.5301e+06,1500
3,10,4879,7.5425e+06,3000
3,10,4883,7.5487e+06,3000
3,10,4891,7.561e+06,1500
3,10,4899,7.5734e+06,3000
3,10,4904,7.5811e+06,1500
3,10,4911,7.592e+06,1500
3,10,4920,7.6059e+06,3000
3,10,4925,7.6136e+06,3000
3,10,4930,7.6213e+06,1500
3,10,4939,7.6352e+06,1500
3,10,4947,7.6476e+06,3000
3,10,4954,7.6584e+06,1500
3,10,4964,7.6739e+06,1500
3,10,4972,7.6863e+06,3000
3,10,4980,7.6986e+06,3000
3,10,4984,7.7048e+06,1500
3,10,4989,7.7125e+06,1500
3,10,4998,7.7265e+06,1500
3,10,5002,7.7326e+06,3000
3,10,5012,7.7481e+06,3000
3,10,5018,7.7574e+06,1500
3,10,5021,7.762e+06,1500
3,10,5025,7.7682e+06,1500
3,10,5033,7.7806e+06,3000
3,10,5037,7.7867e+06,3000
3,10,5045,7.7991e+06,1500
3,10,5050,7.8068e+06,3000
3,10,5056,7.8161e+06,1500
3,10,5065,7.83e+06,1500
3,10,5074,7.8439e+06,3000
3,10,5079,7.8517e+06,1500
3,10,5081,7.8548e+06,3000
3,10,5089,7.8671e+06,1500
3,10,5098,7.881e+06,3000
3,10,5107,7.895e+06,1500
3,10,5116,7.9089e+06,3000
